policy,n_steps,coverage,net_accuracy_change_pp,run_danger_rate,run_benefit_rate
prm_threshold:google_gemini_2_5_flash,20,0.0333,0.625,0.0375,0.2250
prm_threshold:google_gemini_2_5_flash,40,0.0667,0.750,0.0625,0.1750
prm_threshold:google_gemini_2_5_flash,60,0.1000,1.250,0.0542,0.1792
prm_threshold:google_gemini_2_5_flash,80,0.1333,2.167,0.0406,0.2031
prm_threshold:google_gemini_2_5_flash,100,0.1667,2.167,0.0425,0.1725
prm_threshold:google_gemini_2_5_flash,120,0.2000,2.583,0.0479,0.1771
prm_threshold:google_gemini_2_5_flash,140,0.2333,2.958,0.0625,0.1893
prm_threshold:google_gemini_2_5_flash,160,0.2667,3.542,0.0609,0.1938
prm_threshold:google_gemini_2_5_flash,180,0.3000,4.083,0.0583,0.1944
prm_threshold:google_gemini_2_5_flash,200,0.3333,4.208,0.0587,0.1850
prm_threshold:google_gemini_2_5_flash,220,0.3667,4.375,0.0659,0.1852
prm_threshold:google_gemini_2_5_flash,240,0.4000,4.625,0.0667,0.1823
prm_threshold:google_gemini_2_5_flash,260,0.4333,5.625,0.0615,0.1913
prm_threshold:google_gemini_2_5_flash,280,0.4667,5.667,0.0634,0.1848
prm_threshold:google_gemini_2_5_flash,300,0.5000,5.333,0.0725,0.1792
prm_threshold:google_gemini_2_5_flash,320,0.5333,5.000,0.0828,0.1766
prm_threshold:google_gemini_2_5_flash,340,0.5667,5.500,0.0801,0.1772
prm_threshold:google_gemini_2_5_flash,360,0.6000,5.458,0.0875,0.1785
prm_threshold:google_gemini_2_5_flash,380,0.6333,5.583,0.0842,0.1724
prm_threshold:google_gemini_2_5_flash,400,0.6667,5.875,0.0838,0.1719
prm_threshold:google_gemini_2_5_flash,420,0.7000,5.083,0.0923,0.1649
prm_threshold:google_gemini_2_5_flash,440,0.7333,5.625,0.0898,0.1665
prm_threshold:google_gemini_2_5_flash,460,0.7667,5.958,0.0870,0.1647
prm_threshold:google_gemini_2_5_flash,480,0.8000,6.167,0.0865,0.1635
prm_threshold:google_gemini_2_5_flash,500,0.8333,6.250,0.0860,0.1610
prm_threshold:google_gemini_2_5_flash,520,0.8667,6.500,0.0861,0.1611
prm_threshold:google_gemini_2_5_flash,540,0.9000,6.625,0.0861,0.1597
prm_threshold:google_gemini_2_5_flash,560,0.9333,7.000,0.0866,0.1616
prm_threshold:google_gemini_2_5_flash,580,0.9667,7.375,0.0845,0.1608
prm_threshold:microsoft_phi_4,20,0.0333,0.042,0.0625,0.0750
prm_threshold:microsoft_phi_4,40,0.0667,0.167,0.0750,0.1000
prm_threshold:microsoft_phi_4,60,0.1000,0.167,0.0917,0.1083
prm_threshold:microsoft_phi_4,80,0.1333,0.167,0.0938,0.1062
prm_threshold:microsoft_phi_4,100,0.1667,1.125,0.0775,0.1450
prm_threshold:microsoft_phi_4,120,0.2000,1.042,0.0750,0.1271
prm_threshold:microsoft_phi_4,140,0.2333,1.792,0.0732,0.1500
prm_threshold:microsoft_phi_4,160,0.2667,1.833,0.0828,0.1516
prm_threshold:microsoft_phi_4,180,0.3000,2.167,0.0806,0.1528
prm_threshold:microsoft_phi_4,200,0.3333,3.042,0.0725,0.1638
prm_threshold:microsoft_phi_4,220,0.3667,3.083,0.0739,0.1580
prm_threshold:microsoft_phi_4,240,0.4000,3.250,0.0781,0.1594
prm_threshold:microsoft_phi_4,260,0.4333,3.000,0.0894,0.1587
prm_threshold:microsoft_phi_4,280,0.4667,3.208,0.0893,0.1580
prm_threshold:microsoft_phi_4,300,0.5000,3.500,0.0908,0.1608
prm_threshold:microsoft_phi_4,320,0.5333,3.708,0.0938,0.1633
prm_threshold:microsoft_phi_4,340,0.5667,4.125,0.0890,0.1618
prm_threshold:microsoft_phi_4,360,0.6000,4.500,0.0875,0.1625
prm_threshold:microsoft_phi_4,380,0.6333,4.583,0.0882,0.1605
prm_threshold:microsoft_phi_4,400,0.6667,4.167,0.0931,0.1556
prm_threshold:microsoft_phi_4,420,0.7000,4.500,0.0905,0.1548
prm_threshold:microsoft_phi_4,440,0.7333,4.833,0.0869,0.1528
prm_threshold:microsoft_phi_4,460,0.7667,5.333,0.0870,0.1565
prm_threshold:microsoft_phi_4,480,0.8000,5.333,0.0865,0.1531
prm_threshold:microsoft_phi_4,500,0.8333,5.417,0.0855,0.1505
prm_threshold:microsoft_phi_4,520,0.8667,5.917,0.0870,0.1553
prm_threshold:microsoft_phi_4,540,0.9000,6.167,0.0856,0.1542
prm_threshold:microsoft_phi_4,560,0.9333,6.625,0.0848,0.1558
prm_threshold:microsoft_phi_4,580,0.9667,7.042,0.0862,0.1591
prm_threshold:microsoft_phi_4,600,1.0000,7.208,0.0850,0.1571
prm_threshold:qwen25_math_prm_7b,20,0.0333,1.708,0.0000,0.5125
prm_threshold:qwen25_math_prm_7b,40,0.0667,3.000,0.0437,0.4938
prm_threshold:qwen25_math_prm_7b,60,0.1000,3.458,0.0542,0.4000
prm_threshold:qwen25_math_prm_7b,80,0.1333,4.167,0.0437,0.3563
prm_threshold:qwen25_math_prm_7b,100,0.1667,4.458,0.0525,0.3200
prm_threshold:qwen25_math_prm_7b,120,0.2000,4.625,0.0479,0.2792
prm_threshold:qwen25_math_prm_7b,140,0.2333,5.042,0.0500,0.2661
prm_threshold:qwen25_math_prm_7b,160,0.2667,5.000,0.0547,0.2422
prm_threshold:qwen25_math_prm_7b,180,0.3000,5.750,0.0514,0.2431
prm_threshold:qwen25_math_prm_7b,200,0.3333,6.667,0.0475,0.2475
prm_threshold:qwen25_math_prm_7b,220,0.3667,6.542,0.0557,0.2341
prm_threshold:qwen25_math_prm_7b,240,0.4000,6.792,0.0625,0.2323
prm_threshold:qwen25_math_prm_7b,260,0.4333,6.500,0.0702,0.2202
prm_threshold:qwen25_math_prm_7b,280,0.4667,6.250,0.0750,0.2089
prm_threshold:qwen25_math_prm_7b,300,0.5000,6.708,0.0733,0.2075
prm_threshold:qwen25_math_prm_7b,320,0.5333,6.375,0.0773,0.1969
prm_threshold:qwen25_math_prm_7b,340,0.5667,6.500,0.0809,0.1956
prm_threshold:qwen25_math_prm_7b,360,0.6000,7.042,0.0771,0.1944
prm_threshold:qwen25_math_prm_7b,380,0.6333,7.292,0.0770,0.1921
prm_threshold:qwen25_math_prm_7b,400,0.6667,6.958,0.0813,0.1856
prm_threshold:qwen25_math_prm_7b,420,0.7000,7.083,0.0804,0.1815
prm_threshold:qwen25_math_prm_7b,440,0.7333,7.292,0.0795,0.1790
prm_threshold:qwen25_math_prm_7b,460,0.7667,7.292,0.0788,0.1739
prm_threshold:qwen25_math_prm_7b,480,0.8000,7.333,0.0807,0.1724
prm_threshold:qwen25_math_prm_7b,500,0.8333,8.042,0.0795,0.1760
prm_threshold:qwen25_math_prm_7b,520,0.8667,7.750,0.0827,0.1721
prm_threshold:qwen25_math_prm_7b,540,0.9000,7.625,0.0833,0.1681
prm_threshold:qwen25_math_prm_7b,560,0.9333,7.500,0.0848,0.1652
prm_threshold:qwen25_math_prm_7b,580,0.9667,7.125,0.0866,0.1603
prm_threshold:qwen25_math_prm_7b,600,1.0000,7.208,0.0850,0.1571
prm_ensemble_low_score_abstain_on_disagreement,20,0.0333,0.042,0.0625,0.0750
prm_ensemble_low_score_abstain_on_disagreement,40,0.0667,0.042,0.0625,0.0688
prm_ensemble_low_score_abstain_on_disagreement,60,0.1000,-0.083,0.0750,0.0667
prm_ensemble_low_score_abstain_on_disagreement,80,0.1333,0.625,0.0563,0.1031
prm_ensemble_low_score_abstain_on_disagreement,100,0.1667,0.708,0.0625,0.1050
prm_ensemble_low_score_abstain_on_disagreement,120,0.2000,0.750,0.0771,0.1146
prm_ensemble_low_score_abstain_on_disagreement,140,0.2333,1.125,0.0768,0.1250
prm_ensemble_low_score_abstain_on_disagreement,160,0.2667,2.125,0.0672,0.1469
prm_ensemble_low_score_abstain_on_disagreement,180,0.3000,2.167,0.0694,0.1417
prm_ensemble_low_score_abstain_on_disagreement,200,0.3333,1.708,0.0850,0.1363
prm_ensemble_low_score_abstain_on_disagreement,220,0.3667,1.708,0.0909,0.1375
prm_ensemble_low_score_abstain_on_disagreement,240,0.4000,2.167,0.0906,0.1448
prm_ensemble_low_score_abstain_on_disagreement,260,0.4333,1.958,0.0962,0.1413
prm_ensemble_low_score_abstain_on_disagreement,280,0.4667,2.000,0.0938,0.1366
prm_ensemble_low_score_abstain_on_disagreement,300,0.5000,2.167,0.0950,0.1383
prm_ensemble_low_score_abstain_on_disagreement,320,0.5333,1.792,0.1016,0.1352
prm_ensemble_low_score_abstain_on_disagreement,340,0.5667,2.083,0.0971,0.1338
prm_ensemble_low_score_abstain_on_disagreement,360,0.6000,2.458,0.0924,0.1333
prm_ensemble_low_score_abstain_on_disagreement,380,0.6333,2.542,0.0928,0.1329
prm_ensemble_low_score_abstain_on_disagreement,400,0.6667,2.667,0.0944,0.1344
prm_ensemble_low_score_abstain_on_disagreement,420,0.7000,2.958,0.0935,0.1357
prm_ensemble_low_score_abstain_on_disagreement,440,0.7333,3.375,0.0932,0.1392
prm_ensemble_low_score_abstain_on_disagreement,460,0.7667,3.417,0.0908,0.1353
prm_ensemble_low_score_abstain_on_disagreement,480,0.8000,3.583,0.0891,0.1339
