step_id,group,c0_control_rate,c1_target_rate,c2_placebo_rate,c2_placebo_runs,c3_paraphrase_rate,c3_paraphrase_runs,c1_vs_c2_target_specific,c3_vs_c0_surface_form,c1_vs_c3_semantic_removal,c1_vs_c0_raw
prm-02dc733a400c8a44,negative_anchor,0.5,0.75,0.5,4,0.75,4,0.25,0.25,0.0,0.25
prm-14c85f1b92bf8cfb,negative_anchor,1.0,1.0,0.0,4,0.0,4,1.0,-1.0,1.0,0.0
prm-14d4896af9e2f42b,negative_anchor,0.0,0.0,0.0,4,0.0,4,0.0,0.0,0.0,0.0
prm-17fa230838c04542,negative_anchor,1.0,0.0,0.0,4,0.75,4,0.0,-0.25,-0.75,-1.0
prm-1a376cfa6cfa9af8,negative_anchor,0.0,0.0,0.0,4,0.0,4,0.0,0.0,0.0,0.0
prm-1c1e7874f91737bc,negative_anchor,0.0,0.0,0.0,4,0.0,4,0.0,0.0,0.0,0.0
prm-1d89b199249c7358,negative_anchor,0.0,0.0,0.0,4,0.0,4,0.0,0.0,0.0,0.0
prm-1ef2f094b18fa4d5,negative_anchor,1.0,1.0,0.0,4,1.0,4,1.0,0.0,0.0,0.0
prm-24135c674fb88634,negative_anchor,0.0,1.0,0.25,4,0.0,4,0.75,0.0,1.0,1.0
prm-2a5b9be75f2130c8,negative_anchor,0.0,1.0,0.5,4,0.0,4,0.5,0.0,1.0,1.0
prm-2c6c822e00040ba8,negative_anchor,0.0,0.0,0.0,4,,,0.0,,,0.0
prm-2cb8f0ea41668c12,negative_anchor,0.0,0.0,0.5,4,0.75,4,-0.5,0.75,-0.75,0.0
prm-2e89a40cec48c042,negative_anchor,0.0,1.0,0.0,4,0.0,4,1.0,0.0,1.0,1.0
prm-2f5e5f1e6dacb0f7,negative_anchor,0.0,1.0,1.0,4,0.0,4,0.0,0.0,1.0,1.0
prm-2fbe6edf19120d31,negative_anchor,1.0,1.0,1.0,4,,,0.0,,,0.0
prm-310884399c5179a6,negative_anchor,0.0,1.0,1.0,4,0.0,4,0.0,0.0,1.0,1.0
prm-39445cabc3c247f3,negative_anchor,0.0,0.0,0.25,4,0.0,4,-0.25,0.0,0.0,0.0
prm-3d9ad8daca3b8faa,negative_anchor,1.0,1.0,0.5,4,1.0,4,0.5,0.0,0.0,0.0
prm-3e4ac009eae25363,negative_anchor,0.0,1.0,0.5,4,0.25,4,0.5,0.25,0.75,1.0
prm-3fb0a1041b0e6522,negative_anchor,0.0,1.0,0.0,4,0.0,4,1.0,0.0,1.0,1.0
prm-4b587d923463065a,negative_anchor,0.0,0.0,0.25,4,,,-0.25,,,0.0
prm-52a853240fdce958,negative_anchor,0.0,0.0,1.0,4,0.0,4,-1.0,0.0,0.0,0.0
prm-52ebf116b73ecf1a,negative_anchor,0.0,0.0,0.0,4,0.0,4,0.0,0.0,0.0,0.0
prm-5636d3dc1eb6633f,negative_anchor,1.0,1.0,0.75,4,1.0,4,0.25,0.0,0.0,0.0
prm-56f31f0da676983f,negative_anchor,0.0,0.75,0.75,4,1.0,4,0.0,1.0,-0.25,0.75
prm-579dd704ce645be9,negative_anchor,0.0,0.0,0.75,4,1.0,4,-0.75,1.0,-1.0,0.0
prm-57f3dc0fcc359327,negative_anchor,0.25,0.25,0.0,4,0.5,4,0.25,0.25,-0.25,0.0
prm-58392d69449f6f68,negative_anchor,0.0,0.0,0.0,4,0.5,4,0.0,0.5,-0.5,0.0
prm-5be58b31f228d28e,negative_anchor,1.0,1.0,0.0,4,0.0,4,1.0,-1.0,1.0,0.0
prm-61fb797f33ef26d1,negative_anchor,1.0,1.0,0.75,4,,,0.25,,,0.0
prm-64052b65a1c192c7,negative_anchor,0.0,0.0,0.0,4,0.0,4,0.0,0.0,0.0,0.0
prm-695b2bd8829139af,negative_anchor,0.0,0.0,0.0,4,0.0,4,0.0,0.0,0.0,0.0
prm-6994d64b52995162,negative_anchor,0.0,0.25,0.0,4,0.0,4,0.25,0.0,0.25,0.25
prm-6c4e585fba73949f,negative_anchor,0.0,0.25,0.0,4,0.0,4,0.25,0.0,0.25,0.25
prm-707a079b8cebba7e,negative_anchor,0.5,1.0,0.25,4,0.25,4,0.75,-0.25,0.75,0.5
prm-70a8ec8eb124a0b7,negative_anchor,0.0,0.25,0.0,4,0.0,4,0.25,0.0,0.25,0.25
prm-7a6e2d9a9da28f78,negative_anchor,0.0,0.25,0.0,4,0.0,4,0.25,0.0,0.25,0.25
prm-7ca8bf8fc95e2b20,negative_anchor,0.0,0.0,0.0,4,0.0,4,0.0,0.0,0.0,0.0
prm-7e6bdad2d7a80ef9,negative_anchor,1.0,1.0,0.25,4,1.0,4,0.75,0.0,0.0,0.0
prm-7f470224e279c9a5,negative_anchor,0.0,0.0,0.25,4,0.75,4,-0.25,0.75,-0.75,0.0
prm-836cfecb0a834014,negative_anchor,0.0,0.75,0.25,4,1.0,4,0.5,1.0,-0.25,0.75
prm-8b05d5d648e57f29,negative_anchor,0.0,0.0,0.0,4,0.0,4,0.0,0.0,0.0,0.0
prm-8dfa8dc3890bcfef,negative_anchor,0.0,0.0,0.0,4,,,0.0,,,0.0
prm-933bbb6ef939eb1f,negative_anchor,0.75,0.0,0.25,4,0.25,4,-0.25,-0.5,-0.25,-0.75
prm-94f01424485d8634,negative_anchor,1.0,1.0,1.0,4,1.0,4,0.0,0.0,0.0,0.0
prm-9a884b78e7527ff9,negative_anchor,1.0,1.0,0.75,4,1.0,4,0.25,0.0,0.0,0.0
prm-9d7450aa50a1cc3f,negative_anchor,1.0,1.0,1.0,4,1.0,4,0.0,0.0,0.0,0.0
prm-9db27c5e8855d8c2,negative_anchor,1.0,1.0,1.0,4,1.0,4,0.0,0.0,0.0,0.0
prm-9f3753744da09c38,negative_anchor,0.0,0.0,0.0,4,0.0,4,0.0,0.0,0.0,0.0
prm-a081faca165fd59b,negative_anchor,0.0,0.0,0.0,4,0.0,4,0.0,0.0,0.0,0.0
prm-a15fb929dff59e97,negative_anchor,0.0,0.0,0.0,4,0.0,4,0.0,0.0,0.0,0.0
prm-a304fbad5368565d,negative_anchor,0.25,1.0,0.75,4,0.0,4,0.25,-0.25,1.0,0.75
prm-a8f0f0d569ae9708,negative_anchor,0.0,1.0,0.5,4,0.0,4,0.5,0.0,1.0,1.0
prm-ac1b5da6715754b0,negative_anchor,0.0,0.0,0.0,4,0.0,4,0.0,0.0,0.0,0.0
prm-afff103ac71bacae,negative_anchor,0.0,1.0,0.0,4,,,1.0,,,1.0
prm-b46df73b9c7f1dd9,negative_anchor,0.0,1.0,1.0,4,0.0,4,0.0,0.0,1.0,1.0
prm-b78ab37efb3ac6fe,negative_anchor,1.0,1.0,1.0,4,1.0,4,0.0,0.0,0.0,0.0
prm-b8457436293d4e60,negative_anchor,0.0,0.0,1.0,4,0.0,4,-1.0,0.0,0.0,0.0
prm-b93ffe4952ee0425,negative_anchor,1.0,1.0,0.0,4,1.0,4,1.0,0.0,0.0,0.0
prm-bcf33e68e625980e,negative_anchor,0.0,0.0,0.0,4,0.25,4,0.0,0.25,-0.25,0.0
prm-bf49cda9c1b58b99,negative_anchor,1.0,1.0,1.0,4,0.25,4,0.0,-0.75,0.75,0.0
prm-bf79591055298bcd,negative_anchor,0.0,0.0,0.0,4,0.0,4,0.0,0.0,0.0,0.0
prm-c95d41ec650cb773,negative_anchor,1.0,1.0,0.0,4,0.25,4,1.0,-0.75,0.75,0.0
prm-ce7da7c55243f250,negative_anchor,0.25,0.0,0.0,4,0.25,4,0.0,0.0,-0.25,-0.25
prm-d22d355799e3baaf,negative_anchor,0.0,0.0,0.0,4,0.0,4,0.0,0.0,0.0,0.0
prm-d4c3a3c1d1cb0d1f,negative_anchor,1.0,1.0,0.0,4,0.75,4,1.0,-0.25,0.25,0.0
prm-d7fbf32a29279602,negative_anchor,0.0,0.0,0.0,4,,,0.0,,,0.0
prm-dba05e0cd479b592,negative_anchor,0.0,0.5,0.0,4,0.0,4,0.5,0.0,0.5,0.5
prm-dbb76c0284dc2629,negative_anchor,0.0,0.75,0.0,4,0.75,4,0.75,0.75,0.0,0.75
prm-dd448bdba8557edf,negative_anchor,0.0,1.0,0.5,4,0.0,4,0.5,0.0,1.0,1.0
prm-decee9499f5fb0d7,negative_anchor,0.0,1.0,0.75,4,0.0,4,0.25,0.0,1.0,1.0
prm-e5218a9b5d49ef04,negative_anchor,0.0,0.75,0.75,4,0.0,4,0.0,0.0,0.75,0.75
prm-edfe3301d75e7278,negative_anchor,0.0,0.0,0.0,4,0.0,4,0.0,0.0,0.0,0.0
prm-f17b27e710e8f147,negative_anchor,0.0,0.0,0.0,4,0.0,4,0.0,0.0,0.0,0.0
prm-f1c09b6fd89155cf,negative_anchor,0.5,1.0,1.0,4,0.0,4,0.0,-0.5,1.0,0.5
prm-f2aca719a99dc3e9,negative_anchor,0.0,0.0,0.75,4,0.0,4,-0.75,0.0,0.0,0.0
prm-f2ca2a7324883c6d,negative_anchor,0.0,0.0,0.5,4,0.0,4,-0.5,0.0,0.0,0.0
prm-f59567dc389816f6,negative_anchor,0.0,0.0,0.0,4,0.0,4,0.0,0.0,0.0,0.0
prm-f65a99197bf57f66,negative_anchor,0.0,0.0,0.0,4,0.0,4,0.0,0.0,0.0,0.0
prm-f7aa110cdcd4de1b,negative_anchor,1.0,0.75,1.0,4,1.0,4,-0.25,0.0,-0.25,-0.25
prm-01441d1b7d95366c,neutral_comparison,0.0,1.0,0.0,4,1.0,4,1.0,1.0,0.0,1.0
prm-0219e874907d9144,neutral_comparison,0.0,0.0,0.25,4,0.0,4,-0.25,0.0,0.0,0.0
prm-0835351a60d3a191,neutral_comparison,0.5,0.0,0.0,4,0.25,4,0.0,-0.25,-0.25,-0.5
prm-090c92a536a6f7cf,neutral_comparison,0.0,0.25,0.0,4,0.0,4,0.25,0.0,0.25,0.25
prm-0b2c173096bce7b5,neutral_comparison,0.0,0.0,0.5,4,0.5,4,-0.5,0.5,-0.5,0.0
prm-0cbc0287aab226af,neutral_comparison,0.5,0.0,0.5,4,0.25,4,-0.5,-0.25,-0.25,-0.5
prm-1032a7112c293158,neutral_comparison,0.0,0.0,0.0,4,0.25,4,0.0,0.25,-0.25,0.0
prm-11c64fcd9adf9a8d,neutral_comparison,0.0,0.0,0.0,4,0.0,4,0.0,0.0,0.0,0.0
prm-12bc5c8b425e5765,neutral_comparison,0.0,0.0,1.0,4,0.0,4,-1.0,0.0,0.0,0.0
prm-1988846108e0f682,neutral_comparison,0.0,0.0,0.0,3,,,0.0,,,0.0
prm-1989a099acb06f53,neutral_comparison,0.25,1.0,1.0,4,,,0.0,,,0.75
prm-1fdd16bd5ee2ebb1,neutral_comparison,0.0,1.0,0.5,4,,,0.5,,,1.0
prm-27543090e207be07,neutral_comparison,0.0,0.0,1.0,4,0.0,4,-1.0,0.0,0.0,0.0
prm-297fe2bd5193998f,neutral_comparison,0.0,0.0,0.25,4,0.5,4,-0.25,0.5,-0.5,0.0
prm-2d19813fccf4dac9,neutral_comparison,0.0,0.0,1.0,4,0.0,4,-1.0,0.0,0.0,0.0
prm-2d2be0a20e1f55eb,neutral_comparison,0.0,0.0,0.0,4,0.0,4,0.0,0.0,0.0,0.0
prm-2d92ce0491f2f56a,neutral_comparison,0.75,1.0,0.5,4,1.0,4,0.5,0.25,0.0,0.25
prm-2e5c19fc0f94ad0f,neutral_comparison,0.5,1.0,1.0,4,1.0,4,0.0,0.5,0.0,0.5
prm-315d6ba30914293a,neutral_comparison,0.0,0.0,0.25,4,1.0,4,-0.25,1.0,-1.0,0.0
prm-321715581e0e716b,neutral_comparison,0.25,0.0,0.5,4,0.75,4,-0.5,0.5,-0.75,-0.25
prm-378914f040c48223,neutral_comparison,0.0,0.75,0.0,4,0.0,4,0.75,0.0,0.75,0.75
prm-42aa85293ce04d6c,neutral_comparison,0.0,0.0,1.0,2,0.0,4,-1.0,0.0,0.0,0.0
prm-45906351f0903519,neutral_comparison,0.0,0.0,0.75,4,0.0,4,-0.75,0.0,0.0,0.0
prm-47679397406393e0,neutral_comparison,0.75,1.0,1.0,4,1.0,4,0.0,0.25,0.0,0.25
prm-47a902d41e673ff6,neutral_comparison,0.25,0.75,0.5,4,1.0,4,0.25,0.75,-0.25,0.5
prm-4c8c15a6cba67d79,neutral_comparison,0.0,0.0,0.5,4,1.0,4,-0.5,1.0,-1.0,0.0
prm-57a23b7d9d387a2d,neutral_comparison,0.0,1.0,0.0,4,0.0,4,1.0,0.0,1.0,1.0
prm-61500888ffe32624,neutral_comparison,0.25,0.5,0.0,4,1.0,4,0.5,0.75,-0.5,0.25
prm-62cd37cf091fe105,neutral_comparison,0.75,1.0,1.0,3,0.75,4,0.0,0.0,0.25,0.25
prm-64c48353bed266ed,neutral_comparison,0.25,0.5,1.0,4,1.0,4,-0.5,0.75,-0.5,0.25
prm-666a954e3bca4a2f,neutral_comparison,0.75,0.0,0.0,4,,,0.0,,,-0.75
prm-6810d2c059913e28,neutral_comparison,0.0,1.0,1.0,4,0.0,4,0.0,0.0,1.0,1.0
prm-6c647c9d900edecf,neutral_comparison,0.0,0.0,0.0,4,0.0,4,0.0,0.0,0.0,0.0
prm-6c8f717ff62b444b,neutral_comparison,0.0,0.0,0.0,4,0.0,4,0.0,0.0,0.0,0.0
prm-6eb49d110f10f5c9,neutral_comparison,0.0,0.25,0.25,4,0.75,4,0.0,0.75,-0.5,0.25
prm-6fb0c8f8ee2ebabd,neutral_comparison,0.75,1.0,0.5,4,1.0,4,0.5,0.25,0.0,0.25
prm-76b2b2177dea50be,neutral_comparison,0.0,0.75,0.75,4,0.0,4,0.0,0.0,0.75,0.75
prm-7805f2fb660af82c,neutral_comparison,0.0,1.0,0.0,4,1.0,4,1.0,1.0,0.0,1.0
prm-7cf98f01d85acf4d,neutral_comparison,0.5,1.0,0.75,4,1.0,4,0.25,0.5,0.0,0.5
prm-7fa27f0af15756ce,neutral_comparison,0.75,1.0,1.0,4,1.0,4,0.0,0.25,0.0,0.25
prm-8be5e8ce53ce132a,neutral_comparison,0.0,0.25,0.5,4,0.0,4,-0.25,0.0,0.25,0.25
prm-8d743a4306b744df,neutral_comparison,0.0,0.0,0.25,4,0.0,4,-0.25,0.0,0.0,0.0
prm-8eab1f56bd806ddc,neutral_comparison,0.75,1.0,0.5,4,1.0,4,0.5,0.25,0.0,0.25
prm-925200af07947f5c,neutral_comparison,0.5,0.0,0.0,4,0.75,4,0.0,0.25,-0.75,-0.5
prm-a625e035a295d2bd,neutral_comparison,0.5,1.0,0.0,4,0.0,4,1.0,-0.5,1.0,0.5
prm-ab761a525cce7441,neutral_comparison,0.0,1.0,1.0,4,0.0,4,0.0,0.0,1.0,1.0
prm-ac01250021f796d9,neutral_comparison,0.0,1.0,0.75,4,0.0,4,0.25,0.0,1.0,1.0
prm-ad9e7fa994103189,neutral_comparison,0.0,1.0,0.5,4,0.0,4,0.5,0.0,1.0,1.0
prm-ae250ba55293ea93,neutral_comparison,0.5,1.0,1.0,4,0.75,4,0.0,0.25,0.25,0.5
prm-b09e1aa4bb87ee7c,neutral_comparison,0.0,0.0,0.5,4,,,-0.5,,,0.0
prm-b1b1d1fed6ca6e88,neutral_comparison,0.0,0.0,0.0,4,0.0,4,0.0,0.0,0.0,0.0
prm-b4172ae8c86b6f76,neutral_comparison,0.25,1.0,0.25,4,1.0,4,0.75,0.75,0.0,0.75
prm-b51944c22596b644,neutral_comparison,0.0,0.0,0.75,4,,,-0.75,,,0.0
prm-b51dfeb3b8305067,neutral_comparison,0.0,0.0,0.25,4,1.0,4,-0.25,1.0,-1.0,0.0
prm-b7f05eda927bf837,neutral_comparison,0.25,0.0,0.25,4,0.0,4,-0.25,-0.25,0.0,-0.25
prm-b8a1339e40d14487,neutral_comparison,0.0,0.75,0.75,4,0.0,3,0.0,0.0,0.75,0.75
prm-bd5151d40527ffa0,neutral_comparison,0.0,0.0,0.75,4,0.5,4,-0.75,0.5,-0.5,0.0
prm-bd9c89c30ff0439e,neutral_comparison,0.75,1.0,0.5,4,0.25,4,0.5,-0.5,0.75,0.25
prm-bdb3ede8ec7d1902,neutral_comparison,0.0,1.0,1.0,4,0.5,4,0.0,0.5,0.5,1.0
prm-c1d4d174440821f2,neutral_comparison,0.5,0.0,0.0,3,0.0,4,0.0,-0.5,0.0,-0.5
prm-c1da18d5eb32eafe,neutral_comparison,0.0,0.0,0.0,4,0.0,4,0.0,0.0,0.0,0.0
prm-c5d0b2ae9f6de94a,neutral_comparison,0.5,0.0,0.25,4,0.5,4,-0.25,0.0,-0.5,-0.5
prm-c7fdd3c01ea7968c,neutral_comparison,0.5,1.0,0.75,4,1.0,4,0.25,0.5,0.0,0.5
prm-ca096eb77c3d707b,neutral_comparison,0.0,0.75,0.0,4,0.5,4,0.75,0.5,0.25,0.75
prm-ca8fbd8bc5e76268,neutral_comparison,0.0,0.0,0.0,4,,,0.0,,,0.0
prm-cfef1e0669eb8eee,neutral_comparison,0.0,0.75,0.75,4,0.0,4,0.0,0.0,0.75,0.75
prm-d14414ada709f204,neutral_comparison,0.0,0.75,0.5,4,0.0,4,0.25,0.0,0.75,0.75
prm-d43403303ce7ca47,neutral_comparison,0.0,0.0,0.25,4,0.0,4,-0.25,0.0,0.0,0.0
prm-d987eb66b5f962dd,neutral_comparison,0.0,0.75,0.0,4,0.0,4,0.75,0.0,0.75,0.75
prm-de925ec448909016,neutral_comparison,0.0,0.25,0.75,4,1.0,4,-0.5,1.0,-0.75,0.25
prm-e4f8aa072f5528f6,neutral_comparison,0.0,1.0,1.0,4,0.75,4,0.0,0.75,0.25,1.0
prm-e5b42c42ddfdfe89,neutral_comparison,0.25,1.0,0.25,4,0.0,4,0.75,-0.25,1.0,0.75
prm-ea9c90dcf0197292,neutral_comparison,0.0,0.0,0.0,4,0.0,4,0.0,0.0,0.0,0.0
prm-f20b3a116ae0c86a,neutral_comparison,0.5,0.5,0.75,4,1.0,4,-0.25,0.5,-0.5,0.0
prm-f43ad1cb6c3aa6ba,neutral_comparison,0.0,0.0,0.0,3,0.0,4,0.0,0.0,0.0,0.0
prm-f5ad90a250e816d4,neutral_comparison,0.5,0.0,0.75,4,0.0,4,-0.75,-0.5,0.0,-0.5
prm-f77af5e177e450d9,neutral_comparison,0.5,1.0,0.5,4,1.0,4,0.5,0.5,0.0,0.5
prm-f902409b4b69ac6a,neutral_comparison,0.0,0.0,0.0,4,0.0,4,0.0,0.0,0.0,0.0
prm-fde519a4d71d112d,neutral_comparison,0.0,0.0,0.0,4,0.0,4,0.0,0.0,0.0,0.0
prm-feab03f43e4af912,neutral_comparison,0.75,0.0,0.25,4,1.0,4,-0.25,0.25,-1.0,-0.75
prm-059a20c710a38a1d,stable_correct,1.0,1.0,0.6666666666666666,3,1.0,4,0.33333333333333337,0.0,0.0,0.0
prm-0638bc02d0338441,stable_correct,1.0,1.0,0.75,4,1.0,4,0.25,0.0,0.0,0.0
prm-151724cd1bbe2b32,stable_correct,1.0,1.0,1.0,4,1.0,4,0.0,0.0,0.0,0.0
prm-16428e60085cafa9,stable_correct,1.0,1.0,0.25,4,1.0,4,0.75,0.0,0.0,0.0
prm-1fa85012955acc38,stable_correct,1.0,1.0,0.25,4,1.0,4,0.75,0.0,0.0,0.0
prm-22008191f0fcf07c,stable_correct,1.0,1.0,1.0,4,1.0,4,0.0,0.0,0.0,0.0
prm-24d79d07da1abeb8,stable_correct,1.0,1.0,0.5,4,1.0,4,0.5,0.0,0.0,0.0
prm-295680b6ca231154,stable_correct,1.0,1.0,0.75,4,1.0,4,0.25,0.0,0.0,0.0
prm-2d520973414e1dcb,stable_correct,1.0,0.5,1.0,4,,,-0.5,,,-0.5
prm-30611e95e1fdab2f,stable_correct,1.0,1.0,0.5,4,1.0,4,0.5,0.0,0.0,0.0
prm-317d37656fcc5ddd,stable_correct,1.0,1.0,1.0,4,1.0,4,0.0,0.0,0.0,0.0
prm-31f315049adee361,stable_correct,1.0,1.0,0.5,4,1.0,4,0.5,0.0,0.0,0.0
prm-335e21a88e0969e0,stable_correct,1.0,0.0,0.75,4,1.0,4,-0.75,0.0,-1.0,-1.0
prm-3490f4298028248f,stable_correct,1.0,1.0,0.25,4,1.0,4,0.75,0.0,0.0,0.0
prm-36e206fe8afae4f8,stable_correct,1.0,1.0,1.0,4,1.0,4,0.0,0.0,0.0,0.0
prm-3d7ee20871a31c85,stable_correct,1.0,0.25,0.5,4,,,-0.25,,,-0.75
prm-4397a2362fedc5a3,stable_correct,1.0,1.0,0.75,4,1.0,4,0.25,0.0,0.0,0.0
prm-49db7302a176b729,stable_correct,1.0,0.5,1.0,4,1.0,4,-0.5,0.0,-0.5,-0.5
prm-4dbc982a4c31d7d8,stable_correct,1.0,1.0,0.25,4,,,0.75,,,0.0
prm-4dece02217f93500,stable_correct,1.0,0.25,0.75,4,0.0,4,-0.5,-1.0,0.25,-0.75
prm-4f8665f0a19739c3,stable_correct,1.0,1.0,1.0,4,1.0,4,0.0,0.0,0.0,0.0
prm-52cd0d7cc6b4cdfc,stable_correct,1.0,1.0,0.5,4,1.0,4,0.5,0.0,0.0,0.0
prm-55383ac51f763ea4,stable_correct,1.0,1.0,1.0,4,1.0,4,0.0,0.0,0.0,0.0
prm-554fe1d6b58f094f,stable_correct,1.0,1.0,0.5,4,1.0,4,0.5,0.0,0.0,0.0
prm-5bd12286ca047ec0,stable_correct,1.0,1.0,1.0,4,,,0.0,,,0.0
prm-5c51e282ba7208e7,stable_correct,1.0,1.0,0.75,4,1.0,4,0.25,0.0,0.0,0.0
prm-656a46c9640db820,stable_correct,1.0,0.25,0.75,4,0.0,4,-0.5,-1.0,0.25,-0.75
prm-694eda0133adae37,stable_correct,1.0,1.0,1.0,4,1.0,4,0.0,0.0,0.0,0.0
prm-6a11cd36a6d48aac,stable_correct,1.0,0.25,1.0,4,1.0,4,-0.75,0.0,-0.75,-0.75
prm-6a6a0bdb19ba41d4,stable_correct,1.0,1.0,1.0,4,1.0,4,0.0,0.0,0.0,0.0
prm-6a8171dd86016c13,stable_correct,1.0,1.0,1.0,4,1.0,4,0.0,0.0,0.0,0.0
prm-6b443c0ab9016cf3,stable_correct,1.0,1.0,1.0,3,1.0,4,0.0,0.0,0.0,0.0
prm-6d0334ee1141425e,stable_correct,1.0,1.0,1.0,4,1.0,4,0.0,0.0,0.0,0.0
prm-6ee8687119787677,stable_correct,1.0,1.0,1.0,4,1.0,4,0.0,0.0,0.0,0.0
prm-734c17ddd0cff62a,stable_correct,1.0,1.0,0.5,4,1.0,4,0.5,0.0,0.0,0.0
prm-7449b3260474567e,stable_correct,1.0,1.0,1.0,4,1.0,4,0.0,0.0,0.0,0.0
prm-77a86cb6e4dfd1aa,stable_correct,1.0,0.75,1.0,4,1.0,4,-0.25,0.0,-0.25,-0.25
prm-7b9dea52f656c0bc,stable_correct,1.0,1.0,1.0,4,1.0,4,0.0,0.0,0.0,0.0
prm-7df4ff373ff4bd62,stable_correct,1.0,0.0,1.0,4,1.0,4,-1.0,0.0,-1.0,-1.0
prm-87593f72c0253cec,stable_correct,1.0,1.0,1.0,4,1.0,4,0.0,0.0,0.0,0.0
prm-8acbcd62bf310d16,stable_correct,1.0,1.0,0.75,4,1.0,4,0.25,0.0,0.0,0.0
prm-8fb8c12bb402ec2d,stable_correct,1.0,1.0,1.0,4,1.0,4,0.0,0.0,0.0,0.0
prm-91db4cb8cb67916a,stable_correct,1.0,0.75,0.75,4,1.0,4,0.0,0.0,-0.25,-0.25
prm-92cd9c4d155c7994,stable_correct,1.0,1.0,1.0,4,1.0,4,0.0,0.0,0.0,0.0
prm-92e6c6de9151c528,stable_correct,1.0,1.0,1.0,4,1.0,4,0.0,0.0,0.0,0.0
prm-932de7bca0e7c93d,stable_correct,1.0,0.75,0.25,4,1.0,4,0.5,0.0,-0.25,-0.25
prm-9b09489564767b9d,stable_correct,1.0,1.0,0.0,4,0.5,4,1.0,-0.5,0.5,0.0
prm-9cdea0642dfb0680,stable_correct,1.0,1.0,0.5,4,1.0,4,0.5,0.0,0.0,0.0
prm-9e945c5a20713eba,stable_correct,1.0,1.0,1.0,4,1.0,4,0.0,0.0,0.0,0.0
prm-9f8de872e85deb1c,stable_correct,1.0,1.0,0.25,4,1.0,4,0.75,0.0,0.0,0.0
prm-a0bf5d5817e64ebf,stable_correct,1.0,1.0,0.75,4,1.0,4,0.25,0.0,0.0,0.0
prm-a33bd2bed39c0904,stable_correct,1.0,1.0,0.5,4,1.0,4,0.5,0.0,0.0,0.0
prm-a3a05daf8f16a52f,stable_correct,1.0,0.0,0.25,4,1.0,4,-0.25,0.0,-1.0,-1.0
prm-a4aa6a22f3134565,stable_correct,1.0,1.0,0.25,4,1.0,4,0.75,0.0,0.0,0.0
prm-a774fd18d4116fb7,stable_correct,1.0,1.0,0.5,4,1.0,4,0.5,0.0,0.0,0.0
prm-a8a8bda6701d4be2,stable_correct,1.0,0.75,0.0,1,1.0,4,0.75,0.0,-0.25,-0.25
prm-ac1c971aefdf8aad,stable_correct,1.0,0.5,0.6666666666666666,3,1.0,4,-0.16666666666666663,0.0,-0.5,-0.5
prm-afb60f3ac0dd9a0b,stable_correct,1.0,1.0,1.0,4,0.0,4,0.0,-1.0,1.0,0.0
prm-b141684d5ef466c9,stable_correct,1.0,1.0,1.0,4,,,0.0,,,0.0
prm-b2a4ce5f01127d75,stable_correct,1.0,1.0,1.0,4,1.0,4,0.0,0.0,0.0,0.0
prm-b4b221e907450223,stable_correct,1.0,1.0,1.0,4,1.0,4,0.0,0.0,0.0,0.0
prm-b5f8d24593f1e708,stable_correct,1.0,1.0,1.0,4,1.0,4,0.0,0.0,0.0,0.0
prm-bbc52970464fbf13,stable_correct,1.0,1.0,1.0,4,1.0,4,0.0,0.0,0.0,0.0
prm-bda20d3dc84e4528,stable_correct,1.0,1.0,1.0,4,1.0,4,0.0,0.0,0.0,0.0
prm-bfc1c5c3c815660c,stable_correct,1.0,1.0,1.0,4,1.0,4,0.0,0.0,0.0,0.0
prm-c95bf35f36e49166,stable_correct,1.0,1.0,0.25,4,1.0,4,0.75,0.0,0.0,0.0
prm-c9fe17645948c6da,stable_correct,1.0,1.0,0.5,4,1.0,4,0.5,0.0,0.0,0.0
prm-d3fcbd13ec57a842,stable_correct,1.0,1.0,1.0,4,1.0,4,0.0,0.0,0.0,0.0
prm-d4926e70a53c8c17,stable_correct,1.0,1.0,0.0,4,0.0,4,1.0,-1.0,1.0,0.0
prm-db5fb9c45b89211e,stable_correct,1.0,0.0,0.0,4,1.0,4,0.0,0.0,-1.0,-1.0
prm-dbc12362d53ec14f,stable_correct,1.0,1.0,0.0,4,1.0,4,1.0,0.0,0.0,0.0
prm-dbc1373a79928aa0,stable_correct,1.0,1.0,0.0,4,0.0,4,1.0,-1.0,1.0,0.0
prm-ddb44dca9b82bb3d,stable_correct,1.0,1.0,0.75,4,0.25,4,0.25,-0.75,0.75,0.0
prm-dfc9bfdaf9a344b2,stable_correct,1.0,1.0,0.75,4,1.0,4,0.25,0.0,0.0,0.0
prm-e340bad68ddf9e2d,stable_correct,1.0,1.0,1.0,4,1.0,4,0.0,0.0,0.0,0.0
prm-eb13f69f057980c9,stable_correct,1.0,1.0,1.0,4,1.0,4,0.0,0.0,0.0,0.0
prm-ebe33b841de11dec,stable_correct,1.0,1.0,0.5,4,1.0,4,0.5,0.0,0.0,0.0
prm-f3ade9b68838159b,stable_correct,1.0,1.0,0.75,4,1.0,4,0.25,0.0,0.0,0.0
prm-f418b9680e5a9dc1,stable_correct,1.0,1.0,0.75,4,1.0,4,0.25,0.0,0.0,0.0
prm-ff4d90cf78aa30d8,stable_correct,1.0,1.0,1.0,4,1.0,4,0.0,0.0,0.0,0.0
