"id","displayOrder","rating","position","oldRemovable","oldStepType","oldModel"
"prm-c1da18d5eb32eafe","1","1","early","no","essential","deepseek/deepseek-v4-flash"
"prm-23439bf6a10e0389","2","1","middle","yes","redundant","deepseek/deepseek-v4-flash"
"prm-9a6f73708a6d6a9f","3","1","early","no","essential","deepseek/deepseek-v4-flash"
"prm-7c4b728ac8b7ff8c","4","0","early","yes","redundant","deepseek/deepseek-v4-flash"
"prm-b4172ae8c86b6f76","5","0","early","yes","redundant","deepseek/deepseek-v4-flash"
"prm-a9976436ac395dce","6","0","middle","no","essential","deepseek/deepseek-v4-pro"
"prm-57f3dc0fcc359327","7","-1","early","no","essential","deepseek/deepseek-v4-pro"
"prm-3e4ac009eae25363","8","-1","late","yes","harmful","deepseek/deepseek-v4-flash"
"prm-734c17ddd0cff62a","9","1","early","no","essential","deepseek/deepseek-v4-flash"
"prm-0cbc0287aab226af","10","0","middle","no","harmful","deepseek/deepseek-v4-pro"
"prm-bfc1c5c3c815660c","11","-1","early","no","harmful","deepseek/deepseek-v4-pro"
"prm-5464f1648525f7ea","12","1","middle","no","essential","deepseek/deepseek-v4-flash"
"prm-7a2c9794408559fd","13","1","late","yes","redundant","deepseek/deepseek-v4-flash"
"prm-526e2011568d24e6","14","1","middle","no","essential","deepseek/deepseek-v4-flash"
"prm-010e43e3a679e690","15","1","middle","no","essential","deepseek/deepseek-v4-flash"
"prm-8866ba0f5b250195","16","-1","middle","no","harmful","deepseek/deepseek-v4-flash"
"prm-9c4e4a7aac1b200e","17","-1","middle","no","harmful","deepseek/deepseek-v4-flash"
"prm-75ab2c1847631c14","18","0","middle","yes","redundant","deepseek/deepseek-v4-flash"
"prm-8b05d5d648e57f29","19","-1","late","no","harmful","deepseek/deepseek-v4-flash"
"prm-dc55f1d7dc4e178f","20","-1","middle","no","harmful","deepseek/deepseek-v4-flash"
"prm-0a02ab06b394a416","21","1","early","no","essential","deepseek/deepseek-v4-flash"
"prm-dbc12362d53ec14f","22","1","early","yes","redundant","deepseek/deepseek-v4-flash"
"prm-8bf0d8a37d2eb018","23","1","early","no","harmful","deepseek/deepseek-v4-pro"
"prm-bedcbd8166cb0b0f","24","1","late","no","essential","deepseek/deepseek-v4-flash"
"prm-859d5c93d5ea0f57","25","0","middle","yes","harmful","deepseek/deepseek-v4-pro"
"prm-44f81fba1d026488","26","0","middle","yes","redundant","deepseek/deepseek-v4-flash"
"prm-0835351a60d3a191","27","1","early","no","essential","deepseek/deepseek-v4-flash"
"prm-87593f72c0253cec","28","1","middle","no","essential","deepseek/deepseek-v4-pro"
"prm-6ecf2965f1e68c18","29","0","middle","yes","redundant","deepseek/deepseek-v4-flash"
"prm-14e2f6c826426674","30","0","early","yes","redundant","deepseek/deepseek-v4-flash"
"prm-2d92ce0491f2f56a","31","1","middle","no","essential","deepseek/deepseek-v4-flash"
"prm-666a954e3bca4a2f","32","1","late","no","essential","deepseek/deepseek-v4-flash"
"prm-6eb49d110f10f5c9","33","0","late","yes","harmful","deepseek/deepseek-v4-pro"
"prm-695b2bd8829139af","34","-1","early","no","harmful","deepseek/deepseek-v4-flash"
"prm-14c0129055d497b2","35","1","late","no","essential","deepseek/deepseek-v4-flash"
"prm-d987eb66b5f962dd","36","1","middle","yes","harmful","deepseek/deepseek-v4-pro"
"prm-372caf3f76fece1c","37","0","late","no","essential","deepseek/deepseek-v4-pro"
"prm-9a884b78e7527ff9","38","-1","middle","no","harmful","deepseek/deepseek-v4-flash"
"prm-236816577f8edaf6","39","1","early","no","essential","deepseek/deepseek-v4-flash"
"prm-9f3753744da09c38","40","-1","middle","no","harmful","deepseek/deepseek-v4-pro"
"prm-f80db588fbe79fa9","41","1","middle","yes","harmful","deepseek/deepseek-v4-pro"
"prm-32b52a14659d1e3f","42","-1","early","yes","redundant","deepseek/deepseek-v4-pro"
"prm-12c0e402310b4521","43","1","late","yes","redundant","deepseek/deepseek-v4-flash"
"prm-2c6c822e00040ba8","44","-1","late","no","harmful","deepseek/deepseek-v4-pro"
"prm-6a6a0bdb19ba41d4","45","0","late","yes","redundant","deepseek/deepseek-v4-flash"
"prm-e46e6f9adff3443b","46","1","late","no","essential","deepseek/deepseek-v4-flash"
"prm-60717bf0ef4716f2","47","0","late","yes","redundant","deepseek/deepseek-v4-pro"
"prm-d018213d57c7afde","48","1","middle","yes","redundant","deepseek/deepseek-v4-flash"
"prm-4fe0f9ece87f57df","49","1","early","yes","redundant","deepseek/deepseek-v4-flash"
"prm-26cc0e5d412214d1","50","1","late","no","essential","deepseek/deepseek-v4-flash"
"prm-14b4f8d6eb13ea00","51","1","late","yes","redundant","deepseek/deepseek-v4-flash"
"prm-23547b2809b8fcf4","52","-1","middle","no","harmful","deepseek/deepseek-v4-pro"
"prm-76b2b2177dea50be","53","1","late","no","essential","deepseek/deepseek-v4-flash"
"prm-aca8e5373e4b0749","54","1","middle","no","essential","deepseek/deepseek-v4-flash"
"prm-ee1dd46f28f6c0e7","55","-1","late","no","harmful","deepseek/deepseek-v4-flash"
"prm-5145212ea7e026b0","56","-1","late","no","harmful","deepseek/deepseek-v4-pro"
"prm-84a947c7d146af3f","57","0","middle","no","essential","deepseek/deepseek-v4-pro"
"prm-0e94635dc190f6f1","58","0","middle","yes","redundant","deepseek/deepseek-v4-flash"
"prm-0638bc02d0338441","59","1","middle","no","essential","deepseek/deepseek-v4-flash"
"prm-f6029ddde78e932f","60","1","late","no","harmful","deepseek/deepseek-v4-pro"
"prm-6d0334ee1141425e","61","0","late","no","essential","deepseek/deepseek-v4-pro"
"prm-f1ec503f118b2646","62","-1","early","no","harmful","deepseek/deepseek-v4-flash"
"prm-55db6c6b79c6e553","63","1","late","yes","redundant","deepseek/deepseek-v4-flash"
"prm-e26a030a97cd7abe","64","1","middle","yes","redundant","deepseek/deepseek-v4-flash"
"prm-768b381d1efb643a","65","-1","middle","no","harmful","deepseek/deepseek-v4-flash"
"prm-d9d73e3c7b609d81","66","0","late","yes","redundant","deepseek/deepseek-v4-flash"
"prm-a540f461a25e3009","67","1","late","yes","redundant","deepseek/deepseek-v4-flash"
"prm-70a8ec8eb124a0b7","68","-1","early","no","harmful","deepseek/deepseek-v4-flash"
"prm-32376b54c0a0b41a","69","1","late","no","essential","deepseek/deepseek-v4-flash"
"prm-decee9499f5fb0d7","70","-1","late","no","harmful","deepseek/deepseek-v4-flash"
"prm-059a20c710a38a1d","71","0","middle","yes","redundant","deepseek/deepseek-v4-pro"
"prm-7b9dea52f656c0bc","72","1","middle","no","essential","deepseek/deepseek-v4-pro"
"prm-ab761a525cce7441","73","1","middle","no","essential","deepseek/deepseek-v4-flash"
"prm-65c1f64f7a99498a","74","1","early","no","essential","deepseek/deepseek-v4-flash"
"prm-8bd9e6649bc32eb5","75","1","middle","no","essential","deepseek/deepseek-v4-flash"
"prm-85a7807d849d0e61","76","0","late","yes","redundant","deepseek/deepseek-v4-flash"
"prm-02ed1bb8af1a120d","77","1","early","yes","redundant","deepseek/deepseek-v4-flash"
"prm-d4c3a3c1d1cb0d1f","78","-1","middle","yes","harmful","deepseek/deepseek-v4-flash"
"prm-cb73032ead9c7309","79","0","middle","no","harmful","deepseek/deepseek-v4-pro"
"prm-45906351f0903519","80","1","middle","no","essential","deepseek/deepseek-v4-pro"
"prm-00c77d8adaa4cb57","81","-1","early","no","harmful","deepseek/deepseek-v4-flash"
"prm-eb13f69f057980c9","82","0","late","yes","redundant","deepseek/deepseek-v4-flash"
"prm-77fc0b169d8585bc","83","-1","early","no","harmful","deepseek/deepseek-v4-flash"
"prm-2595a51b9bc687a5","84","0","late","yes","redundant","deepseek/deepseek-v4-flash"
"prm-310884399c5179a6","85","-1","middle","yes","harmful","deepseek/deepseek-v4-flash"
"prm-98214e328bc84341","86","-1","middle","yes","harmful","deepseek/deepseek-v4-flash"
"prm-16428e60085cafa9","87","1","late","no","essential","deepseek/deepseek-v4-flash"
"prm-ac91d34d7871bcbc","88","0","middle","no","essential","deepseek/deepseek-v4-pro"
"prm-923c29c44fa03eb6","89","-1","late","no","essential","deepseek/deepseek-v4-pro"
"prm-a774fd18d4116fb7","90","0","early","yes","redundant","deepseek/deepseek-v4-flash"
"prm-bc4cdb54673acb6b","91","0","early","yes","redundant","deepseek/deepseek-v4-flash"
"prm-911d5b9b5b289e39","92","-1","early","yes","harmful","deepseek/deepseek-v4-flash"
"prm-76efc721b39b6bd3","93","1","late","no","essential","deepseek/deepseek-v4-flash"
"prm-f902409b4b69ac6a","94","1","middle","no","essential","deepseek/deepseek-v4-flash"
"prm-b78ab37efb3ac6fe","95","-1","late","no","harmful","deepseek/deepseek-v4-flash"
"prm-afff103ac71bacae","96","-1","late","yes","harmful","deepseek/deepseek-v4-flash"
"prm-94f01424485d8634","97","-1","middle","yes","harmful","deepseek/deepseek-v4-flash"
"prm-74cbbc536681f443","98","0","early","yes","redundant","deepseek/deepseek-v4-flash"
"prm-e4c8f952bd2bcb69","99","0","middle","no","essential","deepseek/deepseek-v4-pro"
"prm-b16889ee222c85e0","100","0","middle","yes","harmful","deepseek/deepseek-v4-pro"
"prm-11c64fcd9adf9a8d","101","0","early","yes","harmful","deepseek/deepseek-v4-pro"
"prm-2e89a40cec48c042","102","-1","early","no","harmful","deepseek/deepseek-v4-flash"
"prm-d400c2ab50349260","103","-1","late","no","harmful","deepseek/deepseek-v4-flash"
"prm-bf49cda9c1b58b99","104","-1","early","yes","harmful","deepseek/deepseek-v4-flash"
"prm-5c13d28d0d1e26be","105","0","early","yes","redundant","deepseek/deepseek-v4-flash"
"prm-6a8171dd86016c13","106","1","late","yes","redundant","deepseek/deepseek-v4-flash"
"prm-4397a2362fedc5a3","107","1","late","no","essential","deepseek/deepseek-v4-flash"
"prm-2f5e5f1e6dacb0f7","108","-1","late","yes","harmful","deepseek/deepseek-v4-flash"
"prm-4b587d923463065a","109","-1","middle","no","essential","deepseek/deepseek-v4-pro"
"prm-a304fbad5368565d","110","-1","late","no","harmful","deepseek/deepseek-v4-flash"
"prm-2d2be0a20e1f55eb","111","0","middle","no","essential","deepseek/deepseek-v4-pro"
"prm-b93ffe4952ee0425","112","-1","early","yes","harmful","deepseek/deepseek-v4-flash"
"prm-71ed47ae96c446e4","113","0","early","yes","redundant","deepseek/deepseek-v4-flash"
"prm-1368cc3f0e85c6c9","114","1","middle","yes","redundant","deepseek/deepseek-v4-flash"
"prm-de41ade60ddfc393","115","0","early","yes","redundant","deepseek/deepseek-v4-flash"
"prm-b35e05ba41e78a12","116","1","early","no","essential","deepseek/deepseek-v4-flash"
"prm-321715581e0e716b","117","0","late","no","harmful","deepseek/deepseek-v4-pro"
"prm-1a376cfa6cfa9af8","118","-1","late","no","harmful","deepseek/deepseek-v4-flash"
"prm-f5ad90a250e816d4","119","0","late","yes","redundant","deepseek/deepseek-v4-pro"
"prm-64bd046dccaa7a10","120","0","late","yes","redundant","deepseek/deepseek-v4-pro"
"prm-dfc9bfdaf9a344b2","121","1","middle","yes","redundant","deepseek/deepseek-v4-flash"
"prm-170a156ef3602f11","122","-1","early","no","harmful","deepseek/deepseek-v4-flash"
"prm-bd5151d40527ffa0","123","0","middle","yes","redundant","deepseek/deepseek-v4-flash"
"prm-55383ac51f763ea4","124","-1","early","yes","redundant","deepseek/deepseek-v4-pro"
"prm-8169dadf3bfeafa7","125","1","late","no","essential","deepseek/deepseek-v4-flash"
"prm-d87fe43bca23d224","126","-1","middle","yes","harmful","deepseek/deepseek-v4-flash"
"prm-fe7cc1b1ef70d69f","127","0","early","yes","redundant","deepseek/deepseek-v4-flash"
"prm-bf052d7ceb54371a","128","-1","early","yes","harmful","deepseek/deepseek-v4-flash"
"prm-85d7c7d738bdc28f","129","0","middle","yes","redundant","deepseek/deepseek-v4-flash"
"prm-4e116a81462e9a1c","130","-1","middle","no","harmful","deepseek/deepseek-v4-flash"
"prm-f06f20e73957e088","131","1","middle","no","essential","deepseek/deepseek-v4-flash"
"prm-f59567dc389816f6","132","-1","early","yes","harmful","deepseek/deepseek-v4-flash"
"prm-a7a5bc91e1e562b3","133","0","middle","yes","redundant","deepseek/deepseek-v4-pro"
"prm-c03abfd4982e0b4e","134","-1","middle","no","harmful","deepseek/deepseek-v4-flash"
"prm-9f8de872e85deb1c","135","1","late","no","essential","deepseek/deepseek-v4-flash"
"prm-39445cabc3c247f3","136","-1","late","yes","harmful","deepseek/deepseek-v4-flash"
"prm-08ffb439fa587578","137","1","middle","no","essential","deepseek/deepseek-v4-flash"
"prm-94b3b2909358d23e","138","1","early","yes","redundant","deepseek/deepseek-v4-flash"
"prm-e4f8aa072f5528f6","139","1","early","yes","redundant","deepseek/deepseek-v4-flash"
"prm-b59d428fdeb2db81","140","1","late","no","essential","deepseek/deepseek-v4-flash"
"prm-69589edd55211e2d","141","1","early","yes","redundant","deepseek/deepseek-v4-flash"
"prm-ca8fbd8bc5e76268","142","1","early","no","essential","deepseek/deepseek-v4-flash"
"prm-a0bf5d5817e64ebf","143","1","late","no","essential","deepseek/deepseek-v4-flash"
"prm-e742e4e78ed351e6","144","-1","middle","no","essential","deepseek/deepseek-v4-pro"
"prm-2e47da03eaad232d","145","0","early","yes","redundant","deepseek/deepseek-v4-pro"
"prm-a1fd67bb0e47eb99","146","0","late","no","harmful","deepseek/deepseek-v4-pro"
"prm-729feeaa6d7fd49e","147","1","middle","no","essential","deepseek/deepseek-v4-flash"
"prm-4d106f224c1f1477","148","0","middle","yes","redundant","deepseek/deepseek-v4-flash"
"prm-e2765e9155dae75b","149","1","early","no","essential","deepseek/deepseek-v4-flash"
"prm-85a91c7360442cec","150","-1","middle","no","harmful","deepseek/deepseek-v4-flash"
"prm-685fe7b1359fce4f","151","1","middle","yes","redundant","deepseek/deepseek-v4-flash"
"prm-2694ff7bb4a98ca8","152","0","early","yes","redundant","deepseek/deepseek-v4-flash"
"prm-8115590161527562","153","-1","early","no","harmful","deepseek/deepseek-v4-flash"
"prm-21c4281b443f082f","154","1","early","no","harmful","deepseek/deepseek-v4-pro"
"prm-c3c805b2888f0c71","155","-1","early","no","harmful","deepseek/deepseek-v4-flash"
"prm-49db7302a176b729","156","0","early","yes","harmful","deepseek/deepseek-v4-pro"
"prm-9d7450aa50a1cc3f","157","-1","middle","no","harmful","deepseek/deepseek-v4-flash"
"prm-24a570f07e4ce807","158","1","late","yes","redundant","deepseek/deepseek-v4-flash"
"prm-f28e06b3ccb9dfd8","159","1","early","yes","redundant","deepseek/deepseek-v4-flash"
"prm-1c1e7874f91737bc","160","-1","early","yes","harmful","deepseek/deepseek-v4-flash"
"prm-f9aa238ea730d105","161","-1","late","no","harmful","deepseek/deepseek-v4-flash"
"prm-2e5c19fc0f94ad0f","162","1","middle","yes","redundant","deepseek/deepseek-v4-pro"
"prm-b659045eab2bbc92","163","0","early","yes","harmful","deepseek/deepseek-v4-pro"
"prm-579dd704ce645be9","164","-1","middle","no","harmful","deepseek/deepseek-v4-flash"
"prm-42aea905c1b49570","165","0","middle","yes","redundant","deepseek/deepseek-v4-flash"
"prm-db5fb9c45b89211e","166","1","middle","no","essential","deepseek/deepseek-v4-flash"
"prm-b1b1d1fed6ca6e88","167","0","early","yes","redundant","deepseek/deepseek-v4-flash"
"prm-e165ab188607be7d","168","-1","early","no","essential","deepseek/deepseek-v4-pro"
"prm-a17bb33b5cced852","169","1","late","yes","redundant","deepseek/deepseek-v4-flash"
"prm-57b082ca295d4211","170","0","late","yes","redundant","deepseek/deepseek-v4-flash"
"prm-67c15cd755da8374","171","1","early","no","essential","deepseek/deepseek-v4-flash"
"prm-0c1ebea011e80ccd","172","-1","middle","no","harmful","deepseek/deepseek-v4-flash"
"prm-b2a4ce5f01127d75","173","1","late","yes","redundant","deepseek/deepseek-v4-flash"
"prm-e8da447d3e7aeca5","174","-1","early","no","harmful","deepseek/deepseek-v4-pro"
"prm-56f31f0da676983f","175","-1","middle","no","harmful","deepseek/deepseek-v4-flash"
"prm-1988846108e0f682","176","0","early","no","essential","deepseek/deepseek-v4-pro"
"prm-1363a310736c9808","177","-1","early","no","harmful","deepseek/deepseek-v4-flash"
"prm-1ef2f094b18fa4d5","178","-1","early","no","harmful","deepseek/deepseek-v4-flash"
"prm-b4ce181080c6935d","179","-1","middle","yes","redundant","deepseek/deepseek-v4-pro"
"prm-e5218a9b5d49ef04","180","-1","early","no","harmful","deepseek/deepseek-v4-flash"
"prm-934ae181dbf1e5d6","181","-1","late","no","harmful","deepseek/deepseek-v4-flash"
"prm-4a41ea6ca0473740","182","0","late","yes","redundant","deepseek/deepseek-v4-pro"
"prm-df9bfb129e27eea5","183","0","middle","no","harmful","deepseek/deepseek-v4-pro"
"prm-cfbe55fef530eeea","184","1","early","no","essential","deepseek/deepseek-v4-flash"
"prm-c5d23e135f1567c3","185","-1","middle","no","harmful","deepseek/deepseek-v4-flash"
"prm-17ba4f9e4d89154f","186","-1","late","no","harmful","deepseek/deepseek-v4-flash"
"prm-6a5663499dcdfb6e","187","1","early","no","essential","deepseek/deepseek-v4-flash"
"prm-9e945c5a20713eba","188","0","late","no","essential","deepseek/deepseek-v4-pro"
"prm-bf79591055298bcd","189","-1","late","no","harmful","deepseek/deepseek-v4-flash"
"prm-61fb797f33ef26d1","190","-1","late","no","harmful","deepseek/deepseek-v4-flash"
"prm-d828d740ba9cd096","191","1","early","no","essential","deepseek/deepseek-v4-flash"
"prm-81dd96c2af2f5b96","192","1","early","no","essential","deepseek/deepseek-v4-pro"
"prm-53e6ba65d64de23f","193","-1","middle","no","harmful","deepseek/deepseek-v4-flash"
"prm-569d7cf9abe65f34","194","1","early","no","essential","deepseek/deepseek-v4-flash"
"prm-51383cc20140c6d4","195","0","middle","yes","redundant","deepseek/deepseek-v4-flash"
"prm-60b56f07df1c7db4","196","-1","middle","no","harmful","deepseek/deepseek-v4-flash"
"prm-738ac1e91010e501","197","1","early","yes","redundant","deepseek/deepseek-v4-flash"
"prm-ebe33b841de11dec","198","1","late","no","essential","deepseek/deepseek-v4-flash"
"prm-178620daeb1c879c","199","1","late","no","essential","deepseek/deepseek-v4-flash"
"prm-0ea143eb25e18743","200","0","middle","no","essential","deepseek/deepseek-v4-pro"
"prm-48b0d62a1035c5eb","201","-1","early","no","harmful","deepseek/deepseek-v4-flash"
"prm-1eb61d347e7307c6","202","1","late","yes","redundant","deepseek/deepseek-v4-flash"
"prm-6c647c9d900edecf","203","0","late","no","essential","deepseek/deepseek-v4-pro"
"prm-7616aa089b45809c","204","0","late","no","essential","deepseek/deepseek-v4-pro"
"prm-c5d0b2ae9f6de94a","205","1","middle","yes","redundant","deepseek/deepseek-v4-flash"
"prm-32ce22f0573267db","206","1","early","yes","redundant","deepseek/deepseek-v4-flash"
"prm-73806d5bdc6ee15f","207","0","late","yes","redundant","deepseek/deepseek-v4-pro"
"prm-44adc004d54b0a92","208","0","middle","yes","redundant","deepseek/deepseek-v4-pro"
"prm-e853a7a5555f3056","209","1","early","no","essential","deepseek/deepseek-v4-flash"
"prm-def1910362f8da38","210","1","early","no","essential","deepseek/deepseek-v4-flash"
"prm-2d520973414e1dcb","211","1","middle","yes","redundant","deepseek/deepseek-v4-flash"
"prm-0000660f74dea7ea","212","0","middle","no","harmful","deepseek/deepseek-v4-pro"
"prm-6fb0c8f8ee2ebabd","213","0","middle","no","harmful","deepseek/deepseek-v4-pro"
"prm-3d9ad8daca3b8faa","214","-1","late","no","harmful","deepseek/deepseek-v4-flash"
"prm-2413c903941648a5","215","-1","early","no","essential","deepseek/deepseek-v4-pro"
"prm-45c25b865bce0fe1","216","-1","early","no","essential","deepseek/deepseek-v4-pro"
"prm-c7fdd3c01ea7968c","217","1","late","no","essential","deepseek/deepseek-v4-flash"
"prm-b30d7b8afa669a70","218","-1","early","no","essential","deepseek/deepseek-v4-pro"
"prm-9d4dfc92d2809bdb","219","0","late","yes","redundant","deepseek/deepseek-v4-pro"
"prm-d22d355799e3baaf","220","-1","middle","no","harmful","deepseek/deepseek-v4-flash"
"prm-735ea9ae49ab1cf2","221","0","early","no","essential","deepseek/deepseek-v4-pro"
"prm-fe9bce2e8059e597","222","-1","middle","no","harmful","deepseek/deepseek-v4-flash"
"prm-caf345262620d432","223","0","late","yes","redundant","deepseek/deepseek-v4-flash"
"prm-2a5b9be75f2130c8","224","-1","early","no","harmful","deepseek/deepseek-v4-flash"
"prm-7cf98f01d85acf4d","225","1","middle","no","harmful","deepseek/deepseek-v4-pro"
"prm-f43ad1cb6c3aa6ba","226","0","late","no","essential","deepseek/deepseek-v4-pro"
"prm-f66c436ea5314143","227","-1","late","yes","redundant","deepseek/deepseek-v4-pro"
"prm-e457a6097bf292ad","228","1","late","no","essential","deepseek/deepseek-v4-flash"
"prm-d43403303ce7ca47","229","0","late","yes","redundant","deepseek/deepseek-v4-flash"
"prm-91db4cb8cb67916a","230","1","early","yes","redundant","deepseek/deepseek-v4-flash"
"prm-24135c674fb88634","231","-1","middle","no","harmful","deepseek/deepseek-v4-flash"
"prm-d139e98806701b02","232","0","late","yes","redundant","deepseek/deepseek-v4-flash"
"prm-499e50d1f2d6148c","233","-1","early","yes","harmful","deepseek/deepseek-v4-flash"
"prm-e31d87a5f18e7b0e","234","1","middle","no","essential","deepseek/deepseek-v4-flash"
"prm-02dc733a400c8a44","235","-1","early","no","harmful","deepseek/deepseek-v4-flash"
"prm-d9a76b21965836c2","236","-1","late","no","harmful","deepseek/deepseek-v4-flash"
"prm-a3a05daf8f16a52f","237","0","early","no","essential","deepseek/deepseek-v4-pro"
"prm-47679397406393e0","238","1","early","yes","redundant","deepseek/deepseek-v4-flash"
"prm-1b82baadae1514fc","239","-1","early","no","harmful","deepseek/deepseek-v4-flash"
"prm-01441d1b7d95366c","240","1","middle","no","essential","deepseek/deepseek-v4-flash"
"prm-8acbcd62bf310d16","241","1","middle","yes","redundant","deepseek/deepseek-v4-flash"
"prm-14fb1048eb99d376","242","-1","late","yes","redundant","deepseek/deepseek-v4-pro"
"prm-295680b6ca231154","243","-1","early","no","essential","deepseek/deepseek-v4-pro"
"prm-f2aca719a99dc3e9","244","-1","late","no","harmful","deepseek/deepseek-v4-flash"
"prm-47a902d41e673ff6","245","0","middle","yes","redundant","deepseek/deepseek-v4-flash"
"prm-0700321e0038e3d1","246","0","early","yes","redundant","deepseek/deepseek-v4-flash"
"prm-9156dcd21a3e42c0","247","1","middle","no","essential","deepseek/deepseek-v4-flash"
"prm-14c85f1b92bf8cfb","248","-1","middle","no","harmful","deepseek/deepseek-v4-flash"
"prm-8fb8c12bb402ec2d","249","0","late","yes","redundant","deepseek/deepseek-v4-flash"
"prm-65435eea6f0c0b9a","250","0","late","yes","redundant","deepseek/deepseek-v4-flash"
"prm-66bc41cfa62d57e2","251","1","late","no","essential","deepseek/deepseek-v4-flash"
"prm-2dfd8218ce19b305","252","0","late","yes","redundant","deepseek/deepseek-v4-pro"
"prm-b7f05eda927bf837","253","0","middle","yes","redundant","deepseek/deepseek-v4-pro"
"prm-57a23b7d9d387a2d","254","0","middle","no","harmful","deepseek/deepseek-v4-pro"
"prm-e0c68e2f69c92ce1","255","0","middle","no","harmful","deepseek/deepseek-v4-pro"
"prm-ac01250021f796d9","256","0","middle","yes","redundant","deepseek/deepseek-v4-pro"
"prm-0ade6393f937db17","257","1","middle","yes","redundant","deepseek/deepseek-v4-flash"
"prm-77a86cb6e4dfd1aa","258","1","middle","no","essential","deepseek/deepseek-v4-flash"
"prm-99891d43a5e736a5","259","0","late","yes","redundant","deepseek/deepseek-v4-pro"
"prm-977f248f4b7b1084","260","0","middle","yes","redundant","deepseek/deepseek-v4-pro"
"prm-f77af5e177e450d9","261","0","late","no","essential","deepseek/deepseek-v4-pro"
"prm-55ea704e2707c428","262","0","middle","yes","redundant","deepseek/deepseek-v4-flash"
"prm-3ef9d1189683f74d","263","-1","late","no","harmful","deepseek/deepseek-v4-flash"
"prm-51eccaad45590836","264","-1","middle","no","harmful","deepseek/deepseek-v4-flash"
"prm-ac1c971aefdf8aad","265","0","early","no","harmful","deepseek/deepseek-v4-pro"
"prm-14d4896af9e2f42b","266","-1","early","no","harmful","deepseek/deepseek-v4-pro"
"prm-e5b42c42ddfdfe89","267","0","early","yes","redundant","deepseek/deepseek-v4-flash"
"prm-24a4a38cf78a16b4","268","-1","late","no","harmful","deepseek/deepseek-v4-flash"
"prm-4dbc982a4c31d7d8","269","1","late","no","harmful","deepseek/deepseek-v4-pro"
"prm-92cd9c4d155c7994","270","0","early","yes","redundant","deepseek/deepseek-v4-flash"
"prm-d86397c6b2e063ff","271","0","early","no","essential","deepseek/deepseek-v4-pro"
"prm-fb4120427f491cb1","272","1","late","no","harmful","deepseek/deepseek-v4-pro"
"prm-b141684d5ef466c9","273","0","middle","yes","redundant","deepseek/deepseek-v4-flash"
"prm-00177cb1b6246e3e","274","1","late","no","essential","deepseek/deepseek-v4-flash"
"prm-edfe3301d75e7278","275","-1","late","no","harmful","deepseek/deepseek-v4-flash"
"prm-64c48353bed266ed","276","0","early","no","essential","deepseek/deepseek-v4-pro"
"prm-9aefc3c8b6098bf4","277","0","early","no","essential","deepseek/deepseek-v4-pro"
"prm-210861cfb25add07","278","0","late","yes","redundant","deepseek/deepseek-v4-pro"
"prm-fa87724dc0063e72","279","-1","late","no","harmful","deepseek/deepseek-v4-flash"
"prm-7a6e2d9a9da28f78","280","-1","early","no","harmful","deepseek/deepseek-v4-flash"
"prm-656a46c9640db820","281","0","early","yes","redundant","deepseek/deepseek-v4-pro"
"prm-d9e44ee7bd1dadc6","282","-1","late","no","harmful","deepseek/deepseek-v4-flash"
"prm-7a821b119f49c100","283","1","early","yes","redundant","deepseek/deepseek-v4-flash"
"prm-76baed35df6fb032","284","1","middle","yes","redundant","deepseek/deepseek-v4-flash"
"prm-f418b9680e5a9dc1","285","-1","early","no","harmful","deepseek/deepseek-v4-pro"
"prm-33b6dd3dabd31070","286","-1","middle","yes","harmful","deepseek/deepseek-v4-flash"
"prm-23e4bf45fefddfca","287","-1","late","no","harmful","deepseek/deepseek-v4-flash"
"prm-ea4bf8ee91052d6e","288","0","early","yes","redundant","deepseek/deepseek-v4-flash"
"prm-22008191f0fcf07c","289","0","late","yes","redundant","deepseek/deepseek-v4-flash"
"prm-d53813f5acf46dc2","290","1","late","no","essential","deepseek/deepseek-v4-flash"
"prm-27543090e207be07","291","0","early","yes","redundant","deepseek/deepseek-v4-flash"
"prm-374f893a0a7e07c4","292","1","early","yes","redundant","deepseek/deepseek-v4-flash"
"prm-6b443c0ab9016cf3","293","0","middle","yes","redundant","deepseek/deepseek-v4-flash"
"prm-9b09489564767b9d","294","0","early","no","essential","deepseek/deepseek-v4-pro"
"prm-b02cba206762c771","295","1","middle","no","essential","deepseek/deepseek-v4-flash"
"prm-1590d85cae7720a6","296","1","late","yes","redundant","deepseek/deepseek-v4-flash"
"prm-8d9aac49538338f6","297","1","early","no","essential","deepseek/deepseek-v4-flash"
"prm-d14414ada709f204","298","0","early","yes","redundant","deepseek/deepseek-v4-flash"
"prm-c00e9d4b22a619cf","299","0","early","no","harmful","deepseek/deepseek-v4-pro"
"prm-6994d64b52995162","300","-1","middle","no","harmful","deepseek/deepseek-v4-flash"
"prm-3490f4298028248f","301","0","middle","no","harmful","deepseek/deepseek-v4-pro"
"prm-896614eb571273fb","302","1","middle","no","essential","deepseek/deepseek-v4-flash"
"prm-5163da324c8a2bc9","303","1","early","no","essential","deepseek/deepseek-v4-flash"
"prm-060b37de44a23f9c","304","1","late","yes","redundant","deepseek/deepseek-v4-flash"
"prm-6a48687cd49dd67e","305","-1","late","yes","harmful","deepseek/deepseek-v4-flash"
"prm-bcf33e68e625980e","306","-1","early","yes","harmful","deepseek/deepseek-v4-flash"
"prm-4f8665f0a19739c3","307","0","late","no","harmful","deepseek/deepseek-v4-pro"
"prm-a3fb1524920e2118","308","0","middle","yes","redundant","deepseek/deepseek-v4-flash"
"prm-b776a9c2dead1877","309","0","late","yes","redundant","deepseek/deepseek-v4-flash"
"prm-31f315049adee361","310","0","late","yes","redundant","deepseek/deepseek-v4-pro"
"prm-0796ce8561574c8c","311","1","late","no","essential","deepseek/deepseek-v4-flash"
"prm-fa241fc7e4a6f419","312","1","late","yes","redundant","deepseek/deepseek-v4-flash"
"prm-a619a9e3e9a63362","313","1","late","yes","redundant","deepseek/deepseek-v4-flash"
"prm-b3c55327f85d52bf","314","-1","late","no","essential","deepseek/deepseek-v4-pro"
"prm-4c7b0daf67f174f2","315","0","middle","no","harmful","deepseek/deepseek-v4-pro"
"prm-bd9c89c30ff0439e","316","1","late","no","essential","deepseek/deepseek-v4-flash"
"prm-8cc3ef6509ad6fbf","317","1","early","no","essential","deepseek/deepseek-v4-flash"
"prm-649bf3fbe6231218","318","1","late","no","essential","deepseek/deepseek-v4-flash"
"prm-42aa85293ce04d6c","319","1","middle","yes","redundant","deepseek/deepseek-v4-flash"
"prm-1032a7112c293158","320","1","early","yes","redundant","deepseek/deepseek-v4-flash"
"prm-2d19813fccf4dac9","321","0","late","yes","redundant","deepseek/deepseek-v4-pro"
"prm-1fa85012955acc38","322","1","early","no","essential","deepseek/deepseek-v4-flash"
"prm-6a679885fe24ca4d","323","-1","middle","no","harmful","deepseek/deepseek-v4-flash"
"prm-bbdc2cbce9d5d71d","324","1","middle","no","essential","deepseek/deepseek-v4-flash"
"prm-61500888ffe32624","325","1","early","no","essential","deepseek/deepseek-v4-flash"
"prm-3b8fc6d3080aade1","326","0","late","yes","redundant","deepseek/deepseek-v4-flash"
"prm-24d79d07da1abeb8","327","0","middle","no","essential","deepseek/deepseek-v4-pro"
"prm-b8457436293d4e60","328","-1","late","yes","harmful","deepseek/deepseek-v4-flash"
"prm-9ef4a4362f8a777c","329","0","middle","no","essential","deepseek/deepseek-v4-pro"
"prm-7af50adf0a42982f","330","1","early","yes","redundant","deepseek/deepseek-v4-flash"
"prm-4c8c15a6cba67d79","331","1","early","yes","redundant","deepseek/deepseek-v4-flash"
"prm-242890b88c115e2c","332","1","late","no","essential","deepseek/deepseek-v4-flash"
"prm-2c5e0537236b9a03","333","1","early","no","essential","deepseek/deepseek-v4-flash"
"prm-64052b65a1c192c7","334","-1","late","no","harmful","deepseek/deepseek-v4-flash"
"prm-05db80661c2eea87","335","0","late","yes","redundant","deepseek/deepseek-v4-pro"
"prm-dfed03ca959f8315","336","1","middle","no","essential","deepseek/deepseek-v4-flash"
"prm-ca096eb77c3d707b","337","0","early","yes","redundant","deepseek/deepseek-v4-flash"
"prm-dbb76c0284dc2629","338","-1","early","yes","harmful","deepseek/deepseek-v4-flash"
"prm-c93b572ed45d09e3","339","-1","middle","no","harmful","deepseek/deepseek-v4-flash"
"prm-7805f2fb660af82c","340","1","middle","no","essential","deepseek/deepseek-v4-flash"
"prm-694eda0133adae37","341","0","middle","yes","redundant","deepseek/deepseek-v4-flash"
"prm-6c4e585fba73949f","342","-1","middle","no","harmful","deepseek/deepseek-v4-flash"
"prm-2953ceb48c3d11eb","343","0","early","no","harmful","deepseek/deepseek-v4-pro"
"prm-5be58b31f228d28e","344","-1","early","yes","harmful","deepseek/deepseek-v4-flash"
"prm-de2964131ac70829","345","1","early","no","harmful","deepseek/deepseek-v4-pro"
"prm-a9006452bf5662ee","346","-1","early","yes","redundant","deepseek/deepseek-v4-pro"
"prm-9def3665fa2dd260","347","1","middle","no","harmful","deepseek/deepseek-v4-pro"
"prm-317d37656fcc5ddd","348","0","middle","no","essential","deepseek/deepseek-v4-pro"
"prm-7aacc6952228d379","349","1","late","no","essential","deepseek/deepseek-v4-flash"
"prm-ac7f15288ce11c38","350","-1","early","yes","harmful","deepseek/deepseek-v4-flash"
"prm-7a422bc7fddfdf54","351","-1","middle","no","harmful","deepseek/deepseek-v4-flash"
"prm-3fb0a1041b0e6522","352","-1","early","yes","harmful","deepseek/deepseek-v4-flash"
"prm-fa4778df65d9a289","353","-1","middle","no","harmful","deepseek/deepseek-v4-flash"
"prm-4dece02217f93500","354","0","late","yes","redundant","deepseek/deepseek-v4-flash"
"prm-2d6ec7aa85de8014","355","0","middle","yes","redundant","deepseek/deepseek-v4-pro"
"prm-dc919cb80f6423eb","356","0","early","yes","redundant","deepseek/deepseek-v4-pro"
"prm-c7bf20109ee3402e","357","-1","late","no","harmful","deepseek/deepseek-v4-flash"
"prm-7449b3260474567e","358","1","late","no","essential","deepseek/deepseek-v4-flash"
"prm-370bf73e2c4bd7d0","359","1","middle","no","essential","deepseek/deepseek-v4-flash"
"prm-6c8f717ff62b444b","360","0","early","no","essential","deepseek/deepseek-v4-pro"
"prm-52a853240fdce958","361","-1","late","no","harmful","deepseek/deepseek-v4-flash"
"prm-1fdd16bd5ee2ebb1","362","0","early","no","harmful","deepseek/deepseek-v4-pro"
"prm-4b2cde83a58c010f","363","0","late","no","harmful","deepseek/deepseek-v4-pro"
"prm-e3b1b8595fa68428","364","0","early","no","harmful","deepseek/deepseek-v4-pro"
"prm-9b1fccc8cdbe2d3c","365","0","early","yes","redundant","deepseek/deepseek-v4-pro"
"prm-07ed10b9917c2389","366","-1","late","no","harmful","deepseek/deepseek-v4-pro"
"prm-a15fb929dff59e97","367","-1","middle","yes","harmful","deepseek/deepseek-v4-flash"
"prm-12bc5c8b425e5765","368","1","late","no","essential","deepseek/deepseek-v4-flash"
"prm-9df86fcdc40baf88","369","1","early","no","essential","deepseek/deepseek-v4-flash"
"prm-68e9514e2eb03142","370","-1","middle","no","harmful","deepseek/deepseek-v4-pro"
"prm-ae5ba6e191f09528","371","-1","early","yes","harmful","deepseek/deepseek-v4-flash"
"prm-315d6ba30914293a","372","0","late","yes","redundant","deepseek/deepseek-v4-pro"
"prm-92e6c6de9151c528","373","1","early","no","essential","deepseek/deepseek-v4-flash"
"prm-2fbe6edf19120d31","374","-1","late","yes","harmful","deepseek/deepseek-v4-flash"
"prm-5bd12286ca047ec0","375","1","early","no","essential","deepseek/deepseek-v4-pro"
"prm-64828b0b15ca157c","376","1","late","yes","redundant","deepseek/deepseek-v4-flash"
"prm-f2ca2a7324883c6d","377","-1","late","no","essential","deepseek/deepseek-v4-pro"
"prm-6810d2c059913e28","378","0","middle","no","essential","deepseek/deepseek-v4-pro"
"prm-c01bc07ec8bcb448","379","-1","early","yes","harmful","deepseek/deepseek-v4-flash"
"prm-ab1c7130781f0c6b","380","0","middle","no","harmful","deepseek/deepseek-v4-pro"
"prm-f17b27e710e8f147","381","-1","early","yes","harmful","deepseek/deepseek-v4-flash"
"prm-6bdba3a9023070a1","382","-1","middle","no","harmful","deepseek/deepseek-v4-pro"
"prm-6ee8687119787677","383","1","early","yes","redundant","deepseek/deepseek-v4-pro"
"prm-3d7ee20871a31c85","384","0","middle","yes","redundant","deepseek/deepseek-v4-flash"
"prm-cbc588184fc6053c","385","1","middle","no","essential","deepseek/deepseek-v4-flash"
"prm-5da3ed1afff5caaa","386","-1","early","yes","harmful","deepseek/deepseek-v4-flash"
"prm-49dfa9357a3a5686","387","0","late","no","essential","deepseek/deepseek-v4-pro"
"prm-3dc58ac2c43483b2","388","-1","late","no","harmful","deepseek/deepseek-v4-flash"
"prm-2cb8f0ea41668c12","389","-1","late","yes","harmful","deepseek/deepseek-v4-flash"
"prm-91df52b1208ea81d","390","1","late","no","essential","deepseek/deepseek-v4-flash"
"prm-951e8e518dae1077","391","1","late","no","essential","deepseek/deepseek-v4-flash"
"prm-ef29966d7a6bd3e2","392","0","early","yes","redundant","deepseek/deepseek-v4-flash"
"prm-7f470224e279c9a5","393","-1","early","yes","harmful","deepseek/deepseek-v4-flash"
"prm-27e89528dea4c565","394","0","early","yes","redundant","deepseek/deepseek-v4-pro"
"prm-f254e3a090dbe70a","395","1","late","no","essential","deepseek/deepseek-v4-flash"
"prm-64b92977ff492b9b","396","-1","late","no","essential","deepseek/deepseek-v4-pro"
"prm-5aef13ef62a287fc","397","0","late","yes","redundant","deepseek/deepseek-v4-pro"
"prm-fde519a4d71d112d","398","1","late","no","essential","deepseek/deepseek-v4-flash"
"prm-b09e1aa4bb87ee7c","399","1","late","no","harmful","deepseek/deepseek-v4-pro"
"prm-c9fe17645948c6da","400","0","middle","yes","redundant","deepseek/deepseek-v4-pro"
"prm-1989a099acb06f53","401","0","late","yes","redundant","deepseek/deepseek-v4-flash"
"prm-d4926e70a53c8c17","402","1","early","yes","redundant","deepseek/deepseek-v4-pro"
"prm-707a079b8cebba7e","403","-1","early","yes","harmful","deepseek/deepseek-v4-flash"
"prm-da9a80d73183841e","404","0","early","yes","redundant","deepseek/deepseek-v4-flash"
"prm-4d125d919f106dbe","405","0","late","no","essential","deepseek/deepseek-v4-pro"
"prm-b46df73b9c7f1dd9","406","-1","late","no","harmful","deepseek/deepseek-v4-flash"
"prm-9ceaed5b974155d1","407","-1","middle","yes","redundant","deepseek/deepseek-v4-pro"
"prm-b61370dd7f97aa7c","408","1","early","no","essential","deepseek/deepseek-v4-pro"
"prm-158ef0683bb8bf70","409","-1","late","yes","harmful","deepseek/deepseek-v4-flash"
"prm-c95d41ec650cb773","410","-1","middle","yes","harmful","deepseek/deepseek-v4-flash"
"prm-762ceff54735d7f1","411","0","middle","yes","redundant","deepseek/deepseek-v4-flash"
"prm-e9f04531a844d980","412","-1","late","no","harmful","deepseek/deepseek-v4-flash"
"prm-9db27c5e8855d8c2","413","-1","late","yes","harmful","deepseek/deepseek-v4-flash"
"prm-08169263b46b6a22","414","1","middle","no","essential","deepseek/deepseek-v4-flash"
"prm-5636d3dc1eb6633f","415","-1","middle","no","harmful","deepseek/deepseek-v4-pro"
"prm-c502b3dc0f88dfaf","416","-1","early","yes","harmful","deepseek/deepseek-v4-flash"
"prm-8dfa8dc3890bcfef","417","-1","middle","yes","harmful","deepseek/deepseek-v4-flash"
"prm-e340bad68ddf9e2d","418","0","late","yes","redundant","deepseek/deepseek-v4-flash"
"prm-f8d5e2b8c3ae4947","419","0","late","yes","redundant","deepseek/deepseek-v4-flash"
"prm-32cacde29c588ce5","420","1","late","no","essential","deepseek/deepseek-v4-flash"
"prm-78bd280e7dee8d22","421","1","middle","yes","redundant","deepseek/deepseek-v4-flash"
"prm-84b3c6777c806334","422","-1","middle","no","harmful","deepseek/deepseek-v4-flash"
"prm-0219e874907d9144","423","0","late","no","essential","deepseek/deepseek-v4-pro"
"prm-090c92a536a6f7cf","424","0","early","yes","redundant","deepseek/deepseek-v4-pro"
"prm-2ec389700747f531","425","0","late","yes","redundant","deepseek/deepseek-v4-pro"
"prm-c95bf35f36e49166","426","0","late","yes","redundant","deepseek/deepseek-v4-flash"
"prm-dba05e0cd479b592","427","-1","middle","no","harmful","deepseek/deepseek-v4-flash"
"prm-de925ec448909016","428","1","middle","no","essential","deepseek/deepseek-v4-flash"
"prm-4f0a1eb97f47668a","429","1","late","yes","redundant","deepseek/deepseek-v4-flash"
"prm-c724e22efcbb6540","430","-1","early","yes","harmful","deepseek/deepseek-v4-flash"
"prm-c1d4d174440821f2","431","0","late","no","essential","deepseek/deepseek-v4-pro"
"prm-43a5c71b96bc6a02","432","-1","middle","yes","harmful","deepseek/deepseek-v4-flash"
"prm-359b37145eea0ad1","433","1","middle","yes","redundant","deepseek/deepseek-v4-pro"
"prm-b22345a73912d695","434","1","middle","no","essential","deepseek/deepseek-v4-flash"
"prm-70a2e3a4f8362a3d","435","1","middle","no","harmful","deepseek/deepseek-v4-pro"
"prm-a7ee94dec2e0a9cc","436","-1","late","yes","harmful","deepseek/deepseek-v4-flash"
"prm-62cd37cf091fe105","437","1","early","yes","redundant","deepseek/deepseek-v4-flash"
"prm-27d0dda20005b851","438","-1","late","yes","harmful","deepseek/deepseek-v4-flash"
"prm-d7cd2fc406477b13","439","0","middle","no","essential","deepseek/deepseek-v4-pro"
"prm-b5f8d24593f1e708","440","0","late","yes","redundant","deepseek/deepseek-v4-flash"
"prm-d3fcbd13ec57a842","441","1","middle","yes","redundant","deepseek/deepseek-v4-pro"
"prm-b8e3cc348f791b5a","442","-1","late","yes","harmful","deepseek/deepseek-v4-flash"
"prm-5c51e282ba7208e7","443","0","middle","no","harmful","deepseek/deepseek-v4-pro"
"prm-f65a99197bf57f66","444","-1","middle","no","harmful","deepseek/deepseek-v4-flash"
"prm-1e1ebbda6644be84","445","1","late","yes","redundant","deepseek/deepseek-v4-flash"
"prm-8d743a4306b744df","446","0","late","yes","redundant","deepseek/deepseek-v4-flash"
"prm-939dcfcb80f17717","447","1","late","yes","redundant","deepseek/deepseek-v4-flash"
"prm-eadb47af80561526","448","-1","late","no","harmful","deepseek/deepseek-v4-flash"
"prm-d7fbf32a29279602","449","-1","middle","no","harmful","deepseek/deepseek-v4-flash"
"prm-60c1493204964b2e","450","0","early","yes","redundant","deepseek/deepseek-v4-flash"
"prm-6b1c6a29b6d1c9f7","451","0","early","no","harmful","deepseek/deepseek-v4-pro"
"prm-378914f040c48223","452","0","late","yes","redundant","deepseek/deepseek-v4-pro"
"prm-9c5520ebe88a1852","453","0","early","yes","redundant","deepseek/deepseek-v4-flash"
"prm-1d89b199249c7358","454","-1","late","no","harmful","deepseek/deepseek-v4-flash"
"prm-0d673acec3561559","455","-1","middle","no","harmful","deepseek/deepseek-v4-flash"
"prm-82a7dbd4bea9c49f","456","-1","late","no","harmful","deepseek/deepseek-v4-flash"
"prm-677329b0cf4a5ef0","457","-1","late","no","harmful","deepseek/deepseek-v4-flash"
"prm-6a11cd36a6d48aac","458","0","middle","yes","harmful","deepseek/deepseek-v4-pro"
"prm-b4b221e907450223","459","0","late","yes","redundant","deepseek/deepseek-v4-flash"
"prm-ae250ba55293ea93","460","1","early","no","essential","deepseek/deepseek-v4-flash"
"prm-e8138a79d9f11b5f","461","1","late","yes","redundant","deepseek/deepseek-v4-flash"
"prm-a795bb4c871ed999","462","-1","middle","no","harmful","deepseek/deepseek-v4-flash"
"prm-afb60f3ac0dd9a0b","463","0","middle","no","harmful","deepseek/deepseek-v4-pro"
"prm-ce91b518cab83f12","464","-1","early","no","harmful","deepseek/deepseek-v4-flash"
"prm-c3e6885bc7f884e7","465","1","late","yes","redundant","deepseek/deepseek-v4-flash"
"prm-8d8817bd48cf495e","466","-1","late","no","harmful","deepseek/deepseek-v4-flash"
"prm-e319831ecda4ad73","467","-1","late","no","harmful","deepseek/deepseek-v4-flash"
"prm-8be5e8ce53ce132a","468","0","late","yes","redundant","deepseek/deepseek-v4-flash"
"prm-5699f280aa96d018","469","1","early","no","essential","deepseek/deepseek-v4-flash"
"prm-015f040f29e2b298","470","0","early","no","essential","deepseek/deepseek-v4-pro"
"prm-a136374e0913b303","471","1","late","yes","redundant","deepseek/deepseek-v4-flash"
"prm-2e1055ac659ff29f","472","0","middle","yes","redundant","deepseek/deepseek-v4-pro"
"prm-36e206fe8afae4f8","473","0","late","yes","redundant","deepseek/deepseek-v4-flash"
"prm-64b8dd81d152bc1a","474","-1","late","no","harmful","deepseek/deepseek-v4-flash"
"prm-1d5a5cb08ca68e3d","475","-1","middle","no","harmful","deepseek/deepseek-v4-flash"
"prm-151724cd1bbe2b32","476","1","middle","no","essential","deepseek/deepseek-v4-flash"
"prm-4eb77ebc633f7a2d","477","1","late","yes","redundant","deepseek/deepseek-v4-flash"
"prm-58392d69449f6f68","478","-1","middle","no","harmful","deepseek/deepseek-v4-flash"
"prm-e5a3f23bd55fe87a","479","-1","middle","no","harmful","deepseek/deepseek-v4-flash"
"prm-67027b02bd4348a7","480","1","middle","no","essential","deepseek/deepseek-v4-pro"
"prm-901a3aa77c6c4dc2","481","1","middle","no","harmful","deepseek/deepseek-v4-pro"
"prm-bda20d3dc84e4528","482","0","early","yes","redundant","deepseek/deepseek-v4-flash"
"prm-6f55f9ad3924eda5","483","0","late","yes","redundant","deepseek/deepseek-v4-flash"
"prm-a32a5104eb5cd351","484","-1","late","yes","harmful","deepseek/deepseek-v4-flash"
"prm-3f6d462098747631","485","-1","middle","yes","harmful","deepseek/deepseek-v4-flash"
"prm-335e21a88e0969e0","486","0","early","yes","redundant","deepseek/deepseek-v4-pro"
"prm-1984cb49b132bdb6","487","0","middle","yes","harmful","deepseek/deepseek-v4-pro"
"prm-6340032015881710","488","0","middle","yes","redundant","deepseek/deepseek-v4-flash"
"prm-7ca8bf8fc95e2b20","489","-1","middle","yes","harmful","deepseek/deepseek-v4-flash"
"prm-ff4d90cf78aa30d8","490","1","middle","yes","redundant","deepseek/deepseek-v4-flash"
"prm-b51dfeb3b8305067","491","1","early","no","essential","deepseek/deepseek-v4-flash"
"prm-a6f6b01911605940","492","-1","early","no","harmful","deepseek/deepseek-v4-flash"
"prm-21878507d8f59c4d","493","1","late","yes","redundant","deepseek/deepseek-v4-flash"
"prm-cb3eed5635ac46b4","494","0","early","yes","harmful","deepseek/deepseek-v4-pro"
"prm-4ed42d1c12397218","495","-1","middle","no","harmful","deepseek/deepseek-v4-flash"
"prm-80def83e2346512b","496","-1","middle","no","harmful","deepseek/deepseek-v4-flash"
"prm-52cd0d7cc6b4cdfc","497","1","early","no","essential","deepseek/deepseek-v4-flash"
"prm-836cfecb0a834014","498","-1","middle","no","harmful","deepseek/deepseek-v4-flash"
"prm-e164a92c13c4f1d6","499","0","early","no","essential","deepseek/deepseek-v4-pro"
"prm-fea1ec494dc61cd4","500","1","early","no","harmful","deepseek/deepseek-v4-pro"
"prm-f3b8d8282dd5fc21","501","0","early","yes","redundant","deepseek/deepseek-v4-pro"
"prm-a50457954dbd885f","502","1","middle","yes","redundant","deepseek/deepseek-v4-flash"
"prm-d7691ac94c48e3a4","503","1","middle","no","essential","deepseek/deepseek-v4-flash"
"prm-9eb976f5fba8a1ea","504","-1","early","no","harmful","deepseek/deepseek-v4-flash"
"prm-15473e963522ff7f","505","1","early","no","essential","deepseek/deepseek-v4-flash"
"prm-554fe1d6b58f094f","506","0","late","yes","harmful","deepseek/deepseek-v4-pro"
"prm-36b1999ceae59aea","507","1","middle","no","essential","deepseek/deepseek-v4-flash"
"prm-52ebf116b73ecf1a","508","-1","early","no","harmful","deepseek/deepseek-v4-flash"
"prm-dfdb549c682c7822","509","-1","early","no","harmful","deepseek/deepseek-v4-flash"
"prm-4376ee5dd1ec051f","510","0","early","yes","redundant","deepseek/deepseek-v4-pro"
"prm-5b638cc553a8f6cc","511","0","late","no","essential","deepseek/deepseek-v4-pro"
"prm-a89889ad37cbc7e2","512","-1","late","no","harmful","deepseek/deepseek-v4-flash"
"prm-a4aa6a22f3134565","513","0","late","yes","redundant","deepseek/deepseek-v4-flash"
"prm-cd2eef413f1492b7","514","1","middle","no","essential","deepseek/deepseek-v4-flash"
"prm-e57bd8bedd80b00d","515","-1","early","no","harmful","deepseek/deepseek-v4-flash"
"prm-932de7bca0e7c93d","516","0","early","yes","redundant","deepseek/deepseek-v4-flash"
"prm-da7d81c2f0986b42","517","-1","late","no","harmful","deepseek/deepseek-v4-flash"
"prm-297fe2bd5193998f","518","0","early","yes","redundant","deepseek/deepseek-v4-pro"
"prm-d10dadbf854a3250","519","-1","late","no","harmful","deepseek/deepseek-v4-flash"
"prm-cea36bdf052fa8d6","520","-1","early","no","harmful","deepseek/deepseek-v4-flash"
"prm-f7aa110cdcd4de1b","521","-1","middle","no","harmful","deepseek/deepseek-v4-flash"
"prm-200cc16bd7b20d90","522","1","early","yes","redundant","deepseek/deepseek-v4-flash"
"prm-372a06491c3ab4c3","523","1","late","no","essential","deepseek/deepseek-v4-flash"
"prm-7c8b800f666a8d2b","524","0","late","yes","redundant","deepseek/deepseek-v4-flash"
"prm-ad9e7fa994103189","525","0","middle","yes","redundant","deepseek/deepseek-v4-flash"
"prm-39b8f0d9babefef6","526","0","early","yes","redundant","deepseek/deepseek-v4-flash"
"prm-a8f0f0d569ae9708","527","-1","late","no","harmful","deepseek/deepseek-v4-pro"
"prm-17fa230838c04542","528","-1","early","yes","redundant","deepseek/deepseek-v4-pro"
"prm-79304f2f93ee36e7","529","-1","late","no","essential","deepseek/deepseek-v4-pro"
"prm-f209abf6bbcf46bb","530","-1","late","no","harmful","deepseek/deepseek-v4-flash"
"prm-5f58d3f9cdbdd4cd","531","1","middle","yes","redundant","deepseek/deepseek-v4-flash"
"prm-23e70faea1873d2b","532","-1","late","no","harmful","deepseek/deepseek-v4-flash"
"prm-1aa633a0cb723ff0","533","0","early","yes","redundant","deepseek/deepseek-v4-flash"
"prm-d8dd25afa49d220a","534","1","early","yes","redundant","deepseek/deepseek-v4-flash"
"prm-b8a1339e40d14487","535","0","middle","no","harmful","deepseek/deepseek-v4-pro"
"prm-bdb3ede8ec7d1902","536","0","middle","yes","redundant","deepseek/deepseek-v4-pro"
"prm-ac1b5da6715754b0","537","-1","early","no","harmful","deepseek/deepseek-v4-pro"
"prm-f15246b50fdc7a05","538","-1","early","no","harmful","deepseek/deepseek-v4-flash"
"prm-f3ade9b68838159b","539","1","early","no","harmful","deepseek/deepseek-v4-pro"
"prm-ea9c90dcf0197292","540","0","middle","yes","redundant","deepseek/deepseek-v4-flash"
"prm-81d72916fff41df2","541","0","early","yes","redundant","deepseek/deepseek-v4-flash"
"prm-30611e95e1fdab2f","542","1","early","yes","redundant","deepseek/deepseek-v4-flash"
"prm-5b41ee9b9b0d17ba","543","0","early","no","essential","deepseek/deepseek-v4-pro"
"prm-8b98fbc7066216ce","544","-1","early","no","essential","deepseek/deepseek-v4-pro"
"prm-933bbb6ef939eb1f","545","-1","early","no","harmful","deepseek/deepseek-v4-flash"
"prm-0b28d0082685012b","546","0","early","yes","redundant","deepseek/deepseek-v4-flash"
"prm-9cdea0642dfb0680","547","0","middle","no","harmful","deepseek/deepseek-v4-pro"
"prm-a1de62b9ef1cf246","548","0","early","no","essential","deepseek/deepseek-v4-pro"
"prm-925200af07947f5c","549","0","middle","yes","redundant","deepseek/deepseek-v4-pro"
"prm-bbc52970464fbf13","550","0","middle","no","essential","deepseek/deepseek-v4-pro"
"prm-0ff002313a594db0","551","0","early","yes","redundant","deepseek/deepseek-v4-flash"
"prm-cfef1e0669eb8eee","552","1","early","no","essential","deepseek/deepseek-v4-flash"
"prm-809326ad29e9fe7f","553","0","middle","no","harmful","deepseek/deepseek-v4-pro"
"prm-542b09ca81c2a59d","554","1","middle","no","harmful","deepseek/deepseek-v4-pro"
"prm-f20b3a116ae0c86a","555","0","late","no","essential","deepseek/deepseek-v4-pro"
"prm-ce7da7c55243f250","556","-1","early","no","harmful","deepseek/deepseek-v4-flash"
"prm-a8a8bda6701d4be2","557","0","middle","no","harmful","deepseek/deepseek-v4-pro"
"prm-b1821859ea0c9d57","558","1","middle","yes","redundant","deepseek/deepseek-v4-flash"
"prm-7e6bdad2d7a80ef9","559","-1","middle","no","harmful","deepseek/deepseek-v4-flash"
"prm-d2f74008879c56dd","560","0","middle","yes","redundant","deepseek/deepseek-v4-flash"
"prm-1f8e288adb17d18c","561","-1","middle","no","harmful","deepseek/deepseek-v4-flash"
"prm-cc448d173bf0a3b0","562","1","early","yes","redundant","deepseek/deepseek-v4-flash"
"prm-f928a55daeb136c0","563","1","early","no","harmful","deepseek/deepseek-v4-pro"
"prm-4e153a707e488ac9","564","0","middle","no","harmful","deepseek/deepseek-v4-pro"
"prm-0914b22e28651211","565","0","early","yes","redundant","deepseek/deepseek-v4-pro"
"prm-a33bd2bed39c0904","566","1","early","yes","redundant","deepseek/deepseek-v4-flash"
"prm-9689f5a49ddfdb3e","567","0","late","no","essential","deepseek/deepseek-v4-pro"
"prm-95090e247bc58e1e","568","-1","middle","yes","harmful","deepseek/deepseek-v4-pro"
"prm-d96f1fc3f096f50e","569","0","early","no","essential","deepseek/deepseek-v4-pro"
"prm-ee33bfc442fd8af0","570","1","late","yes","redundant","deepseek/deepseek-v4-flash"
"prm-7b57deaaa0d16f28","571","-1","early","no","harmful","deepseek/deepseek-v4-flash"
"prm-cb4a5cbf9bb5b458","572","1","early","no","essential","deepseek/deepseek-v4-flash"
"prm-4657ae2feebcdcab","573","-1","middle","no","harmful","deepseek/deepseek-v4-flash"
"prm-7fa27f0af15756ce","574","1","middle","no","essential","deepseek/deepseek-v4-flash"
"prm-b51944c22596b644","575","1","late","no","essential","deepseek/deepseek-v4-flash"
"prm-b10138ab1454a3dc","576","1","middle","yes","redundant","deepseek/deepseek-v4-flash"
"prm-7df4ff373ff4bd62","577","1","middle","no","essential","deepseek/deepseek-v4-flash"
"prm-abe53d5b468a1ebc","578","-1","late","no","harmful","deepseek/deepseek-v4-flash"
"prm-c796e9f10b13c8d1","579","0","middle","no","essential","deepseek/deepseek-v4-pro"
"prm-102acf97bfdd07f4","580","0","late","yes","redundant","deepseek/deepseek-v4-flash"
"prm-6fae419daf3fea6a","581","1","late","yes","redundant","deepseek/deepseek-v4-flash"
"prm-04b463c60fdb3f38","582","0","late","yes","redundant","deepseek/deepseek-v4-pro"
"prm-cb956bad5ee66d16","583","1","middle","no","essential","deepseek/deepseek-v4-flash"
"prm-a3120089f800f1e1","584","-1","middle","no","harmful","deepseek/deepseek-v4-flash"
"prm-0b2c173096bce7b5","585","1","early","no","essential","deepseek/deepseek-v4-flash"
"prm-ea5630c2b42fdb9a","586","0","early","yes","redundant","deepseek/deepseek-v4-flash"
"prm-a081faca165fd59b","587","-1","early","no","harmful","deepseek/deepseek-v4-flash"
"prm-dd448bdba8557edf","588","-1","middle","yes","harmful","deepseek/deepseek-v4-flash"
"prm-fa7b948140b07d8f","589","-1","early","no","harmful","deepseek/deepseek-v4-flash"
"prm-8eab1f56bd806ddc","590","1","late","yes","redundant","deepseek/deepseek-v4-flash"
"prm-68f28d955828cf44","591","-1","middle","no","harmful","deepseek/deepseek-v4-flash"
"prm-9719f2f944491556","592","-1","early","no","harmful","deepseek/deepseek-v4-flash"
"prm-198f47bbf6394d9d","593","1","middle","no","harmful","deepseek/deepseek-v4-pro"
"prm-dbc1373a79928aa0","594","1","late","yes","redundant","deepseek/deepseek-v4-flash"
"prm-df2ec95ccf5f161f","595","0","middle","no","harmful","deepseek/deepseek-v4-pro"
"prm-a625e035a295d2bd","596","0","early","no","essential","deepseek/deepseek-v4-pro"
"prm-ddb44dca9b82bb3d","597","1","early","no","essential","deepseek/deepseek-v4-flash"
"prm-f1c09b6fd89155cf","598","-1","late","no","harmful","deepseek/deepseek-v4-flash"
"prm-7b6647a191e51a48","599","0","early","yes","redundant","deepseek/deepseek-v4-flash"
"prm-feab03f43e4af912","600","0","late","yes","redundant","deepseek/deepseek-v4-flash"
