step_id,problem_id,prm_rating,step_type_analysis,step_type_human_calibrated,rating_x_type,position_bin,target_tokens,prefix_tokens,control_correct_count,target_correct_count,control_avg_correct,target_avg_correct,target_effect,correct_to_wrong_count,wrong_to_correct_count,danger_rate,recovery_rate,mean_target_minus_control_tokens,completion_fraction,has_abnormal_completion,placebo_eligible,placebo_run_count,eligibility_group
prm-c1da18d5eb32eafe,problem-ced521d94764b4a3,1,essential,harmful,1 x essential,early,75,624,0,0,0.0,0.0,0.0,0,0,,0.0,80.25,1.0,false,1,4,eligible
prm-23439bf6a10e0389,problem-32c3cda4fa5ff5d1,1,redundant,redundant,1 x redundant,middle,29,795,4,4,1.0,1.0,0.0,0,0,0.0,,-238,1.0,false,1,4,eligible
prm-9a6f73708a6d6a9f,problem-21b63c00bc0a7ef6,1,essential,essential,1 x essential,early,91,384,4,0,1.0,0.0,-1.0,4,0,1.0,,570.5,0.5,true,0,0,skipped
prm-7c4b728ac8b7ff8c,problem-3d1f09ed5cfd53dc,0,redundant,redundant,0 x redundant,early,25,422,4,4,1.0,1.0,0.0,0,0,0.0,,8,1.0,false,1,4,eligible
prm-b4172ae8c86b6f76,problem-d3610a7a74514575,0,redundant,redundant,0 x redundant,early,36,659,1,4,0.25,1.0,0.75,0,3,0.0,1.0,174.25,1.0,false,1,4,eligible
prm-a9976436ac395dce,problem-32b099c0f5aec3b1,0,essential,essential,0 x essential,middle,38,664,0,0,0.0,0.0,0.0,0,0,,0.0,-4.25,1.0,false,1,4,eligible
prm-57f3dc0fcc359327,problem-6bb3caecbae2a0c3,-1,essential,harmful,-1 x essential,early,54,354,1,1,0.25,0.25,0.0,1,1,1.0,0.333333,55.25,1.0,false,1,4,eligible
prm-3e4ac009eae25363,problem-71eae2be9ad19da7,-1,harmful,harmful,-1 x harmful,late,58,619,0,4,0.0,1.0,1.0,0,4,,1.0,337.5,1.0,false,1,2,eligible
prm-734c17ddd0cff62a,problem-6c70163ce817add4,1,essential,redundant,1 x essential,early,24,401,4,4,1.0,1.0,0.0,0,0,0.0,,87.5,1.0,false,1,4,eligible
prm-0cbc0287aab226af,problem-5932169135a7e725,0,harmful,harmful,0 x harmful,middle,34,485,2,0,0.5,0.0,-0.5,2,0,1.0,0.0,-1.5,1.0,false,1,3,eligible
prm-bfc1c5c3c815660c,problem-f604ddc238c9c584,-1,harmful,essential,-1 x harmful,early,26,658,4,4,1.0,1.0,0.0,0,0,0.0,,67.25,1.0,false,1,4,eligible
prm-5464f1648525f7ea,problem-86e623556487463d,1,essential,harmful,1 x essential,middle,44,459,4,4,1.0,1.0,0.0,0,0,0.0,,-13,1.0,false,1,3,eligible
prm-7a2c9794408559fd,problem-9c713fb13ae435bf,1,redundant,redundant,1 x redundant,late,9,581,4,4,1.0,1.0,0.0,0,0,0.0,,-4.75,1.0,false,0,0,skipped
prm-526e2011568d24e6,problem-f5c172c898474116,1,essential,essential,1 x essential,middle,52,414,4,4,1.0,1.0,0.0,0,0,0.0,,52.75,1.0,false,0,0,skipped
prm-010e43e3a679e690,problem-a325f288a314fe56,1,essential,essential,1 x essential,middle,30,324,4,4,1.0,1.0,0.0,0,0,0.0,,62.5,1.0,false,1,3,eligible
prm-8866ba0f5b250195,problem-ca5be300c2084b2c,-1,harmful,harmful,-1 x harmful,middle,129,641,0,0,0.0,0.0,0.0,0,0,,0.0,40,1.0,false,1,1,eligible
prm-9c4e4a7aac1b200e,problem-498bac6c50d80f1b,-1,harmful,harmful,-1 x harmful,middle,44,538,0,3,0.0,0.75,0.75,0,3,,0.75,119.25,1.0,false,1,3,eligible
prm-75ab2c1847631c14,problem-c4f4fd84bb522f70,0,redundant,essential,0 x redundant,middle,20,419,4,4,1.0,1.0,0.0,0,0,0.0,,-46,1.0,false,1,4,eligible
prm-8b05d5d648e57f29,problem-ab8474b5c891f6bb,-1,harmful,harmful,-1 x harmful,late,27,1022,0,0,0.0,0.0,0.0,0,0,,0.0,118.5,1.0,false,1,4,eligible
prm-dc55f1d7dc4e178f,problem-e684634d63b6e43e,-1,harmful,essential,-1 x harmful,middle,38,480,0,4,0.0,1.0,1.0,0,4,,1.0,90.5,1.0,false,1,4,eligible
prm-0a02ab06b394a416,problem-5d38b315c24ca703,1,essential,essential,1 x essential,early,22,372,3,1,0.75,0.25,-0.5,2,0,0.666667,0.0,85.5,1.0,false,0,0,skipped
prm-dbc12362d53ec14f,problem-7402b093e77ab835,1,redundant,redundant,1 x redundant,early,17,307,4,4,1.0,1.0,0.0,0,0,0.0,,72.25,1.0,false,1,3,eligible
prm-8bf0d8a37d2eb018,problem-bf1b475d2d82a865,1,harmful,harmful,1 x harmful,early,46,393,0,0,0.0,0.0,0.0,0,0,,0.0,-1.75,0.875,true,1,4,eligible
prm-bedcbd8166cb0b0f,problem-d66a40c796e80963,1,essential,essential,1 x essential,late,41,401,4,4,1.0,1.0,0.0,0,0,0.0,,53.25,1.0,false,1,1,eligible
prm-859d5c93d5ea0f57,problem-4eb54cd64aed6e3c,0,harmful,harmful,0 x harmful,middle,47,604,0,4,0.0,1.0,1.0,0,4,,1.0,-85,1.0,false,1,4,eligible
prm-44f81fba1d026488,problem-9c621effde8b49ca,0,redundant,redundant,0 x redundant,middle,50,631,4,4,1.0,1.0,0.0,0,0,0.0,,-74.25,1.0,false,1,1,eligible
prm-0835351a60d3a191,problem-7b5a516cad6a7a6d,1,essential,essential,1 x essential,early,44,450,2,0,0.5,0.0,-0.5,2,0,1.0,0.0,-891.5,0.875,true,1,4,eligible
prm-87593f72c0253cec,problem-32b099c0f5aec3b1,1,essential,essential,1 x essential,middle,30,597,4,4,1.0,1.0,0.0,0,0,0.0,,-17.5,1.0,false,1,4,eligible
prm-6ecf2965f1e68c18,problem-9e0b1d33f87ca8ab,0,redundant,essential,0 x redundant,middle,59,371,3,0,0.75,0.0,-0.75,3,0,1.0,0.0,41,1.0,false,0,0,skipped
prm-14e2f6c826426674,problem-8e94732caeed5f9b,0,redundant,redundant,0 x redundant,early,28,415,4,4,1.0,1.0,0.0,0,0,0.0,,-53.75,1.0,false,1,4,eligible
prm-2d92ce0491f2f56a,problem-5d4e128b653312de,1,essential,redundant,1 x essential,middle,36,440,3,4,0.75,1.0,0.25,0,1,0.0,1.0,-921.25,1.0,false,1,2,eligible
prm-666a954e3bca4a2f,problem-9d135f320cbe07b9,1,essential,essential,1 x essential,late,33,548,3,0,0.75,0.0,-0.75,3,0,1.0,0.0,-16.25,1.0,false,1,1,eligible
prm-6eb49d110f10f5c9,problem-116237dfe3dbfe5a,0,harmful,essential,0 x harmful,late,47,473,0,1,0.0,0.25,0.25,0,1,,0.25,40,1.0,false,1,3,eligible
prm-695b2bd8829139af,problem-f83aecab9faccb6c,-1,harmful,harmful,-1 x harmful,early,58,477,0,0,0.0,0.0,0.0,0,0,,0.0,-1078.75,0.125,true,1,2,eligible
prm-14c0129055d497b2,problem-f75c04ea2e983a23,1,essential,redundant,1 x essential,late,10,579,4,4,1.0,1.0,0.0,0,0,0.0,,3,1.0,false,0,0,skipped
prm-d987eb66b5f962dd,problem-89ee4e5ddd25b8e0,1,harmful,harmful,1 x harmful,middle,40,513,0,3,0.0,0.75,0.75,0,3,,0.75,-371.5,0.875,true,1,2,eligible
prm-372caf3f76fece1c,problem-cf3312d83cf0bc46,0,essential,redundant,0 x essential,late,10,408,0,0,0.0,0.0,0.0,0,0,,0.0,2,1.0,false,0,0,skipped
prm-9a884b78e7527ff9,problem-4928f50ac88f7a16,-1,harmful,harmful,-1 x harmful,middle,41,488,4,4,1.0,1.0,0.0,0,0,0.0,,48.25,1.0,false,1,3,eligible
prm-236816577f8edaf6,problem-f6faf09783c45a37,1,essential,essential,1 x essential,early,35,316,4,1,1.0,0.25,-0.75,3,0,0.75,,10,1.0,false,0,0,skipped
prm-9f3753744da09c38,problem-81dd044c95a0fca3,-1,harmful,harmful,-1 x harmful,middle,26,576,0,0,0.0,0.0,0.0,0,0,,0.0,304,1.0,false,1,1,eligible
prm-f80db588fbe79fa9,problem-3b95366916efe8e8,1,harmful,redundant,1 x harmful,middle,45,617,4,4,1.0,1.0,0.0,0,0,0.0,,-53.75,1.0,false,1,4,eligible
prm-32b52a14659d1e3f,problem-89f1d351159d3b1e,-1,redundant,redundant,-1 x redundant,early,42,328,4,4,1.0,1.0,0.0,0,0,0.0,,291,1.0,false,1,4,eligible
prm-12c0e402310b4521,problem-f63d2aeb1dcb4877,1,redundant,redundant,1 x redundant,late,19,541,3,4,0.75,1.0,0.25,0,1,0.0,1.0,-23,1.0,false,0,0,skipped
prm-2c6c822e00040ba8,problem-bf1b475d2d82a865,-1,harmful,harmful,-1 x harmful,late,16,765,0,0,0.0,0.0,0.0,0,0,,0.0,-31.75,1.0,false,1,2,eligible
prm-6a6a0bdb19ba41d4,problem-5567e2ebab5e0f67,0,redundant,redundant,0 x redundant,late,24,744,4,4,1.0,1.0,0.0,0,0,0.0,,7.5,1.0,false,1,3,eligible
prm-e46e6f9adff3443b,problem-5b29870e6b483cee,1,essential,essential,1 x essential,late,14,436,4,4,1.0,1.0,0.0,0,0,0.0,,1.75,1.0,false,0,0,skipped
prm-60717bf0ef4716f2,problem-a8c4001358470f25,0,redundant,redundant,0 x redundant,late,35,900,2,4,0.5,1.0,0.5,0,2,0.0,1.0,26,1.0,false,1,4,eligible
prm-d018213d57c7afde,problem-db4c0ed2fbf94208,1,redundant,essential,1 x redundant,middle,28,434,3,4,0.75,1.0,0.25,0,1,0.0,1.0,17.5,1.0,false,1,4,eligible
prm-4fe0f9ece87f57df,problem-e684634d63b6e43e,1,redundant,redundant,1 x redundant,early,27,447,4,4,1.0,1.0,0.0,0,0,0.0,,68.75,1.0,false,1,4,eligible
prm-26cc0e5d412214d1,problem-7fc009d3f808cafe,1,essential,essential,1 x essential,late,40,791,4,4,1.0,1.0,0.0,0,0,0.0,,59,1.0,false,1,4,eligible
prm-14b4f8d6eb13ea00,problem-25b30ae82b7937f0,1,redundant,redundant,1 x redundant,late,8,458,4,4,1.0,1.0,0.0,0,0,0.0,,60.5,1.0,false,0,0,skipped
prm-23547b2809b8fcf4,problem-02480d2c0415a281,-1,harmful,harmful,-1 x harmful,middle,57,441,0,4,0.0,1.0,1.0,0,4,,1.0,51.25,1.0,false,1,1,eligible
prm-76b2b2177dea50be,problem-27304254dfee5d97,1,essential,essential,1 x essential,late,37,645,0,3,0.0,0.75,0.75,0,3,,0.75,-1303.5,0.375,true,1,4,eligible
prm-aca8e5373e4b0749,problem-f5ace075c490ab02,1,essential,essential,1 x essential,middle,57,503,0,0,0.0,0.0,0.0,0,0,,0.0,1314.25,0.625,true,1,3,eligible
prm-ee1dd46f28f6c0e7,problem-7edb000570e7a5ad,-1,harmful,harmful,-1 x harmful,late,37,492,4,4,1.0,1.0,0.0,0,0,0.0,,-79,1.0,false,0,0,skipped
prm-5145212ea7e026b0,problem-f5c172c898474116,-1,harmful,essential,-1 x harmful,late,46,508,0,4,0.0,1.0,1.0,0,4,,1.0,27.25,1.0,false,1,3,eligible
prm-84a947c7d146af3f,problem-18a164d5c1185eef,0,essential,essential,0 x essential,middle,52,500,4,4,1.0,1.0,0.0,0,0,0.0,,29.5,1.0,false,1,1,eligible
prm-0e94635dc190f6f1,problem-4639686b328fdf30,0,redundant,harmful,0 x redundant,middle,31,746,0,3,0.0,0.75,0.75,0,3,,0.75,36.25,1.0,false,1,4,eligible
prm-0638bc02d0338441,problem-2ac3a772d4b2a706,1,essential,redundant,1 x essential,middle,43,695,4,4,1.0,1.0,0.0,0,0,0.0,,129.75,1.0,false,1,4,eligible
prm-f6029ddde78e932f,problem-1274ec9221321d04,1,harmful,harmful,1 x harmful,late,59,473,4,1,1.0,0.25,-0.75,3,0,0.75,,49.25,1.0,false,1,1,eligible
prm-6d0334ee1141425e,problem-80883c8d718e7942,0,essential,essential,0 x essential,late,28,505,4,4,1.0,1.0,0.0,0,0,0.0,,336.25,1.0,false,1,4,eligible
prm-f1ec503f118b2646,problem-f23b30541989c47c,-1,harmful,harmful,-1 x harmful,early,83,322,0,4,0.0,1.0,1.0,0,4,,1.0,206,1.0,false,0,0,skipped
prm-55db6c6b79c6e553,problem-4d7f93151214ef76,1,redundant,essential,1 x redundant,late,23,672,4,4,1.0,1.0,0.0,0,0,0.0,,-101.25,1.0,false,1,1,eligible
prm-e26a030a97cd7abe,problem-7f3bd86e5e9247de,1,redundant,redundant,1 x redundant,middle,30,433,0,2,0.0,0.5,0.5,0,2,,0.5,1022.5,0.75,true,0,0,skipped
prm-768b381d1efb643a,problem-0f8bfc43c716b9e1,-1,harmful,harmful,-1 x harmful,middle,31,429,4,4,1.0,1.0,0.0,0,0,0.0,,-13,1.0,false,1,4,eligible
prm-d9d73e3c7b609d81,problem-32c3cda4fa5ff5d1,0,redundant,redundant,0 x redundant,late,9,585,4,4,1.0,1.0,0.0,0,0,0.0,,-15,1.0,false,0,0,skipped
prm-a540f461a25e3009,problem-93d733b48692eae6,1,redundant,redundant,1 x redundant,late,28,548,4,4,1.0,1.0,0.0,0,0,0.0,,23,1.0,false,1,4,eligible
prm-70a8ec8eb124a0b7,problem-bd24d198763397d2,-1,harmful,harmful,-1 x harmful,early,59,409,0,1,0.0,0.25,0.25,0,1,,0.25,-80,1.0,false,1,1,eligible
prm-32376b54c0a0b41a,problem-c16492850cbf8813,1,essential,essential,1 x essential,late,27,651,4,4,1.0,1.0,0.0,0,0,0.0,,12.75,1.0,false,1,1,eligible
prm-decee9499f5fb0d7,problem-ab7e10c4af73c9ed,-1,harmful,harmful,-1 x harmful,late,30,504,0,4,0.0,1.0,1.0,0,4,,1.0,-23.75,1.0,false,1,4,eligible
prm-059a20c710a38a1d,problem-5acc6365946cc933,0,redundant,essential,0 x redundant,middle,27,507,4,4,1.0,1.0,0.0,0,0,0.0,,-57,1.0,false,1,4,eligible
prm-7b9dea52f656c0bc,problem-fdd18857dfc203ee,1,essential,essential,1 x essential,middle,24,403,4,4,1.0,1.0,0.0,0,0,0.0,,45,1.0,false,1,3,eligible
prm-ab761a525cce7441,problem-af2fadb634c99ff9,1,essential,essential,1 x essential,middle,45,385,0,4,0.0,1.0,1.0,0,4,,1.0,66,0.5,true,1,2,eligible
prm-65c1f64f7a99498a,problem-150eaf9aec741382,1,essential,essential,1 x essential,early,36,294,4,4,1.0,1.0,0.0,0,0,0.0,,-39.25,1.0,false,1,4,eligible
prm-8bd9e6649bc32eb5,problem-cb95bc64c75cf167,1,essential,essential,1 x essential,middle,39,662,4,4,1.0,1.0,0.0,0,0,0.0,,26.25,1.0,false,1,4,eligible
prm-85a7807d849d0e61,problem-32b099c0f5aec3b1,0,redundant,redundant,0 x redundant,late,17,631,4,4,1.0,1.0,0.0,0,0,0.0,,10.5,1.0,false,0,0,skipped
prm-02ed1bb8af1a120d,problem-dbe25f76577aa227,1,redundant,harmful,1 x redundant,early,56,396,0,0,0.0,0.0,0.0,0,0,,0.0,-805.25,0.75,true,1,4,eligible
prm-d4c3a3c1d1cb0d1f,problem-b498a7ba21bcc97c,-1,harmful,harmful,-1 x harmful,middle,27,459,4,4,1.0,1.0,0.0,0,0,0.0,,-152.5,1.0,false,1,1,eligible
prm-cb73032ead9c7309,problem-eed9594538d18b57,0,harmful,harmful,0 x harmful,middle,25,523,0,0,0.0,0.0,0.0,0,0,,0.0,-30.75,0.75,true,0,0,skipped
prm-45906351f0903519,problem-a66962fe3ac65ca5,1,essential,harmful,1 x essential,middle,35,491,0,0,0.0,0.0,0.0,0,0,,0.0,-85,1.0,false,1,3,eligible
prm-00c77d8adaa4cb57,problem-81b70497c6720b0f,-1,harmful,harmful,-1 x harmful,early,23,339,0,0,0.0,0.0,0.0,0,0,,0.0,181.5,1.0,false,1,1,eligible
prm-eb13f69f057980c9,problem-ad5b14b23ed9a9ea,0,redundant,redundant,0 x redundant,late,19,532,4,4,1.0,1.0,0.0,0,0,0.0,,-26,1.0,false,1,1,eligible
prm-77fc0b169d8585bc,problem-dedb35fff0a06a5e,-1,harmful,harmful,-1 x harmful,early,23,365,0,4,0.0,1.0,1.0,0,4,,1.0,54.75,1.0,false,1,3,eligible
prm-2595a51b9bc687a5,problem-4eb54cd64aed6e3c,0,redundant,redundant,0 x redundant,late,26,604,4,4,1.0,1.0,0.0,0,0,0.0,,11,1.0,false,0,0,skipped
prm-310884399c5179a6,problem-de4a1c58ecef901b,-1,harmful,harmful,-1 x harmful,middle,72,393,0,4,0.0,1.0,1.0,0,4,,1.0,58,1.0,false,1,1,eligible
prm-98214e328bc84341,problem-210778075950cc2d,-1,harmful,harmful,-1 x harmful,middle,37,407,0,4,0.0,1.0,1.0,0,4,,1.0,4.25,1.0,false,1,3,eligible
prm-16428e60085cafa9,problem-30257ce512a9dbe4,1,essential,essential,1 x essential,late,25,684,4,4,1.0,1.0,0.0,0,0,0.0,,-38.75,1.0,false,1,4,eligible
prm-ac91d34d7871bcbc,problem-f63d2aeb1dcb4877,0,essential,essential,0 x essential,middle,36,475,4,1,1.0,0.25,-0.75,3,0,0.75,,-27,1.0,false,1,1,eligible
prm-923c29c44fa03eb6,problem-c0364fc64487e4ec,-1,essential,redundant,-1 x essential,late,25,629,4,4,1.0,1.0,0.0,0,0,0.0,,-19.5,1.0,false,1,4,eligible
prm-a774fd18d4116fb7,problem-7f472ed5afd0fbc0,0,redundant,redundant,0 x redundant,early,12,284,4,4,1.0,1.0,0.0,0,0,0.0,,-34.5,1.0,false,1,2,eligible
prm-bc4cdb54673acb6b,problem-4639686b328fdf30,0,redundant,redundant,0 x redundant,early,27,362,0,0,0.0,0.0,0.0,0,0,,0.0,-21.75,1.0,false,1,4,eligible
prm-911d5b9b5b289e39,problem-234b319021dcf2a6,-1,harmful,harmful,-1 x harmful,early,111,398,0,0,0.0,0.0,0.0,0,0,,0.0,-349,0.375,true,1,1,eligible
prm-76efc721b39b6bd3,problem-8c8f96252d975acd,1,essential,redundant,1 x essential,late,45,680,4,4,1.0,1.0,0.0,0,0,0.0,,52.5,1.0,false,1,4,eligible
prm-f902409b4b69ac6a,problem-4639686b328fdf30,1,essential,redundant,1 x essential,middle,21,578,0,0,0.0,0.0,0.0,0,0,,0.0,57,1.0,false,1,4,eligible
prm-b78ab37efb3ac6fe,problem-dd48d65e326606be,-1,harmful,harmful,-1 x harmful,late,55,671,4,4,1.0,1.0,0.0,0,0,0.0,,-29.75,1.0,false,1,2,eligible
prm-afff103ac71bacae,problem-0410748c1e76e3d4,-1,harmful,harmful,-1 x harmful,late,48,499,0,4,0.0,1.0,1.0,0,4,,1.0,68.25,1.0,false,1,1,eligible
prm-94f01424485d8634,problem-76bb173b20d420b6,-1,harmful,harmful,-1 x harmful,middle,48,530,4,4,1.0,1.0,0.0,0,0,0.0,,-22,1.0,false,1,4,eligible
prm-74cbbc536681f443,problem-71fc61f49bcfcd8f,0,redundant,redundant,0 x redundant,early,24,439,2,4,0.5,1.0,0.5,0,2,0.0,1.0,37,1.0,false,1,4,eligible
prm-e4c8f952bd2bcb69,problem-59b3380466ff1adb,0,essential,essential,0 x essential,middle,45,537,4,4,1.0,1.0,0.0,0,0,0.0,,-27.5,1.0,false,1,4,eligible
prm-b16889ee222c85e0,problem-20855ff8e775267f,0,harmful,essential,0 x harmful,middle,24,563,1,0,0.25,0.0,-0.25,1,0,1.0,0.0,-15.25,1.0,false,1,4,eligible
prm-11c64fcd9adf9a8d,problem-4e48831b718f7ba2,0,harmful,harmful,0 x harmful,early,44,392,0,0,0.0,0.0,0.0,0,0,,0.0,-1705.5,0.5,true,1,1,eligible
prm-2e89a40cec48c042,problem-d3161eafd1210d42,-1,harmful,harmful,-1 x harmful,early,16,359,0,4,0.0,1.0,1.0,0,4,,1.0,183.25,0.5,true,1,2,eligible
prm-d400c2ab50349260,problem-a4a92af384d88e0b,-1,harmful,harmful,-1 x harmful,late,17,490,2,4,0.5,1.0,0.5,0,2,0.0,1.0,-211.75,1.0,false,0,0,skipped
prm-bf49cda9c1b58b99,problem-24416ee05263b731,-1,harmful,harmful,-1 x harmful,early,69,407,4,4,1.0,1.0,0.0,0,0,0.0,,-87.5,1.0,false,1,1,eligible
prm-5c13d28d0d1e26be,problem-bdd43ed050657861,0,redundant,redundant,0 x redundant,early,11,289,4,4,1.0,1.0,0.0,0,0,0.0,,-10.75,1.0,false,1,4,eligible
prm-6a8171dd86016c13,problem-eb20fcfbc7fe587d,1,redundant,redundant,1 x redundant,late,12,724,4,4,1.0,1.0,0.0,0,0,0.0,,-2,1.0,false,1,1,eligible
prm-4397a2362fedc5a3,problem-eb3187c38ab27028,1,essential,essential,1 x essential,late,23,478,4,4,1.0,1.0,0.0,0,0,0.0,,28.5,1.0,false,1,2,eligible
prm-2f5e5f1e6dacb0f7,problem-ded0ffd3643d0130,-1,harmful,harmful,-1 x harmful,late,38,577,0,4,0.0,1.0,1.0,0,4,,1.0,-15.5,1.0,false,1,1,eligible
prm-4b587d923463065a,problem-5b1d584cfe23d7df,-1,essential,harmful,-1 x essential,middle,24,670,0,0,0.0,0.0,0.0,0,0,,0.0,105.25,1.0,false,1,2,eligible
prm-a304fbad5368565d,problem-edc76d80b3d26c0a,-1,harmful,harmful,-1 x harmful,late,45,608,1,4,0.25,1.0,0.75,0,3,0.0,1.0,12,1.0,false,1,4,eligible
prm-2d2be0a20e1f55eb,problem-4e48831b718f7ba2,0,essential,essential,0 x essential,middle,61,592,0,0,0.0,0.0,0.0,0,0,,0.0,89.75,0.375,true,1,2,eligible
prm-b93ffe4952ee0425,problem-2bb95410df5e904e,-1,harmful,harmful,-1 x harmful,early,26,419,4,4,1.0,1.0,0.0,0,0,0.0,,21,1.0,false,1,2,eligible
prm-71ed47ae96c446e4,problem-06d5aeabb535b6a9,0,redundant,redundant,0 x redundant,early,4,336,0,0,0.0,0.0,0.0,0,0,,0.0,-154.75,1.0,false,0,0,skipped
prm-1368cc3f0e85c6c9,problem-6c70163ce817add4,1,redundant,essential,1 x redundant,middle,16,531,4,4,1.0,1.0,0.0,0,0,0.0,,33.25,1.0,false,1,1,eligible
prm-de41ade60ddfc393,problem-8c8f96252d975acd,0,redundant,redundant,0 x redundant,early,11,352,4,4,1.0,1.0,0.0,0,0,0.0,,6.5,1.0,false,1,4,eligible
prm-b35e05ba41e78a12,problem-26def20db88cf572,1,essential,essential,1 x essential,early,33,489,4,4,1.0,1.0,0.0,0,0,0.0,,87.75,1.0,false,1,4,eligible
prm-321715581e0e716b,problem-b884ea4dff439d89,0,harmful,harmful,0 x harmful,late,33,614,1,0,0.25,0.0,-0.25,1,0,1.0,0.0,-690.75,0.875,true,1,4,eligible
prm-1a376cfa6cfa9af8,problem-eed9594538d18b57,-1,harmful,harmful,-1 x harmful,late,69,584,0,0,0.0,0.0,0.0,0,0,,0.0,-83,0.875,true,1,2,eligible
prm-f5ad90a250e816d4,problem-5a8c50102096a59a,0,redundant,redundant,0 x redundant,late,17,1192,2,0,0.5,0.0,-0.5,2,0,1.0,0.0,1596.25,0.5,true,1,4,eligible
prm-64bd046dccaa7a10,problem-92992c0e162b3d6d,0,redundant,redundant,0 x redundant,late,40,579,0,0,0.0,0.0,0.0,0,0,,0.0,1,1.0,false,1,4,eligible
prm-dfc9bfdaf9a344b2,problem-a3f40663ba19390b,1,redundant,essential,1 x redundant,middle,22,662,4,4,1.0,1.0,0.0,0,0,0.0,,57.25,1.0,false,1,4,eligible
prm-170a156ef3602f11,problem-5932169135a7e725,-1,harmful,essential,-1 x harmful,early,26,451,0,0,0.0,0.0,0.0,0,0,,0.0,253.75,1.0,false,1,4,eligible
prm-bd5151d40527ffa0,problem-80883c8d718e7942,0,redundant,redundant,0 x redundant,middle,24,453,0,0,0.0,0.0,0.0,0,0,,0.0,36.75,1.0,false,1,4,eligible
prm-55383ac51f763ea4,problem-c4f4fd84bb522f70,-1,redundant,redundant,-1 x redundant,early,29,300,4,4,1.0,1.0,0.0,0,0,0.0,,29,1.0,false,1,4,eligible
prm-8169dadf3bfeafa7,problem-7fc009d3f808cafe,1,essential,essential,1 x essential,late,45,709,4,4,1.0,1.0,0.0,0,0,0.0,,-22,1.0,false,1,4,eligible
prm-d87fe43bca23d224,problem-5c91e3632a6bed3d,-1,harmful,harmful,-1 x harmful,middle,26,399,0,0,0.0,0.0,0.0,0,0,,0.0,29,1.0,false,1,2,eligible
prm-fe7cc1b1ef70d69f,problem-e684634d63b6e43e,0,redundant,redundant,0 x redundant,early,21,426,4,2,1.0,0.5,-0.5,2,0,0.5,,11.25,1.0,false,1,4,eligible
prm-bf052d7ceb54371a,problem-d95c31385ad98554,-1,harmful,harmful,-1 x harmful,early,39,511,0,1,0.0,0.25,0.25,0,1,,0.25,-14.5,1.0,false,1,4,eligible
prm-85d7c7d738bdc28f,problem-6fe518888bc76580,0,redundant,redundant,0 x redundant,middle,34,973,4,4,1.0,1.0,0.0,0,0,0.0,,10.5,1.0,false,1,3,eligible
prm-4e116a81462e9a1c,problem-9f3b9f8d7ae2958e,-1,harmful,harmful,-1 x harmful,middle,55,450,0,4,0.0,1.0,1.0,0,4,,1.0,44,1.0,false,1,1,eligible
prm-f06f20e73957e088,problem-4aec4eb79c20b809,1,essential,essential,1 x essential,middle,63,567,4,4,1.0,1.0,0.0,0,0,0.0,,-4.5,1.0,false,1,4,eligible
prm-f59567dc389816f6,problem-4090b3789beffe72,-1,harmful,harmful,-1 x harmful,early,132,420,0,0,0.0,0.0,0.0,0,0,,0.0,423.75,0.75,true,1,1,eligible
prm-a7a5bc91e1e562b3,problem-c4f4fd84bb522f70,0,redundant,essential,0 x redundant,middle,26,419,4,4,1.0,1.0,0.0,0,0,0.0,,-43.5,1.0,false,1,4,eligible
prm-c03abfd4982e0b4e,problem-4c1c2d962a0e65a5,-1,harmful,redundant,-1 x harmful,middle,22,505,0,4,0.0,1.0,1.0,0,4,,1.0,57.5,1.0,false,1,3,eligible
prm-9f8de872e85deb1c,problem-45e5f7656e796fc9,1,essential,redundant,1 x essential,late,32,654,4,4,1.0,1.0,0.0,0,0,0.0,,28,1.0,false,1,4,eligible
prm-39445cabc3c247f3,problem-89f1d351159d3b1e,-1,harmful,harmful,-1 x harmful,late,34,1108,0,0,0.0,0.0,0.0,0,0,,0.0,-33,1.0,false,1,4,eligible
prm-08ffb439fa587578,problem-1e70b4456ea54b6e,1,essential,essential,1 x essential,middle,33,511,4,4,1.0,1.0,0.0,0,0,0.0,,64,1.0,false,1,4,eligible
prm-94b3b2909358d23e,problem-48e7b5d5a1bb68e8,1,redundant,redundant,1 x redundant,early,20,417,4,4,1.0,1.0,0.0,0,0,0.0,,-9,1.0,false,0,0,skipped
prm-e4f8aa072f5528f6,problem-a3f40663ba19390b,1,redundant,essential,1 x redundant,early,22,402,0,4,0.0,1.0,1.0,0,4,,1.0,56,1.0,false,1,4,eligible
prm-b59d428fdeb2db81,problem-ecdad8d7b2a1a133,1,essential,essential,1 x essential,late,26,491,4,3,1.0,0.75,-0.25,1,0,0.25,,-6,1.0,false,1,4,eligible
prm-69589edd55211e2d,problem-5b29870e6b483cee,1,redundant,redundant,1 x redundant,early,39,284,4,4,1.0,1.0,0.0,0,0,0.0,,36,1.0,false,0,0,skipped
prm-ca8fbd8bc5e76268,problem-3cd65d338d7fdcc9,1,essential,redundant,1 x essential,early,51,357,0,0,0.0,0.0,0.0,0,0,,0.0,159.25,0.875,true,1,1,eligible
prm-a0bf5d5817e64ebf,problem-e8bbc51e4f0cedba,1,essential,essential,1 x essential,late,39,807,4,4,1.0,1.0,0.0,0,0,0.0,,30,1.0,false,1,4,eligible
prm-e742e4e78ed351e6,problem-af2fadb634c99ff9,-1,essential,redundant,-1 x essential,middle,39,363,0,0,0.0,0.0,0.0,0,0,,0.0,-16.25,0.0,true,1,1,eligible
prm-2e47da03eaad232d,problem-c16492850cbf8813,0,redundant,redundant,0 x redundant,early,40,374,3,4,0.75,1.0,0.25,0,1,0.0,1.0,-60.75,1.0,false,1,4,eligible
prm-a1fd67bb0e47eb99,problem-a03b6b4ae366f630,0,harmful,essential,0 x harmful,late,50,399,4,4,1.0,1.0,0.0,0,0,0.0,,-3,1.0,false,0,0,skipped
prm-729feeaa6d7fd49e,problem-1d11f9ffbe4eb325,1,essential,essential,1 x essential,middle,43,671,4,0,1.0,0.0,-1.0,4,0,1.0,,-562.5,1.0,false,1,4,eligible
prm-4d106f224c1f1477,problem-9762de06228ca9c9,0,redundant,harmful,0 x redundant,middle,47,532,4,4,1.0,1.0,0.0,0,0,0.0,,-25,1.0,false,1,3,eligible
prm-e2765e9155dae75b,problem-5df990bd825bcc70,1,essential,essential,1 x essential,early,41,308,4,2,1.0,0.5,-0.5,2,0,0.5,,-118,1.0,false,0,0,skipped
prm-85a91c7360442cec,problem-3b95366916efe8e8,-1,harmful,harmful,-1 x harmful,middle,13,457,0,0,0.0,0.0,0.0,0,0,,0.0,51.75,0.125,true,0,0,skipped
prm-685fe7b1359fce4f,problem-4bf09b4453a890ca,1,redundant,essential,1 x redundant,middle,18,431,4,4,1.0,1.0,0.0,0,0,0.0,,47,1.0,false,1,1,eligible
prm-2694ff7bb4a98ca8,problem-d43b5b59260aea9d,0,redundant,redundant,0 x redundant,early,26,296,4,4,1.0,1.0,0.0,0,0,0.0,,-106.5,1.0,false,1,4,eligible
prm-8115590161527562,problem-c4af92bf4d3d000a,-1,harmful,harmful,-1 x harmful,early,34,487,0,0,0.0,0.0,0.0,0,0,,0.0,-237.75,1.0,false,1,4,eligible
prm-21c4281b443f082f,problem-3d1f09ed5cfd53dc,1,harmful,essential,1 x harmful,early,19,354,4,2,1.0,0.5,-0.5,2,0,0.5,,108.25,1.0,false,1,4,eligible
prm-c3c805b2888f0c71,problem-ef20b746da9beeb2,-1,harmful,harmful,-1 x harmful,early,21,290,4,0,1.0,0.0,-1.0,4,0,1.0,,-451.25,1.0,false,1,2,eligible
prm-49db7302a176b729,problem-59b3380466ff1adb,0,harmful,redundant,0 x harmful,early,22,282,4,2,1.0,0.5,-0.5,2,0,0.5,,1.25,1.0,false,1,4,eligible
prm-9d7450aa50a1cc3f,problem-25b30ae82b7937f0,-1,harmful,harmful,-1 x harmful,middle,48,493,4,4,1.0,1.0,0.0,0,0,0.0,,24.5,1.0,false,1,1,eligible
prm-24a570f07e4ce807,problem-c0364fc64487e4ec,1,redundant,essential,1 x redundant,late,24,661,4,1,1.0,0.25,-0.75,3,0,0.75,,34,1.0,false,1,4,eligible
prm-f28e06b3ccb9dfd8,problem-4e48831b718f7ba2,1,redundant,redundant,1 x redundant,early,44,383,0,0,0.0,0.0,0.0,0,0,,0.0,1815,0.5,true,1,4,eligible
prm-1c1e7874f91737bc,problem-d3823d137562e66d,-1,harmful,harmful,-1 x harmful,early,62,391,0,0,0.0,0.0,0.0,0,0,,0.0,-1480.5,0.5,true,1,2,eligible
prm-f9aa238ea730d105,problem-9c621effde8b49ca,-1,harmful,harmful,-1 x harmful,late,268,854,0,0,0.0,0.0,0.0,0,0,,0.0,183,1.0,false,0,0,skipped
prm-2e5c19fc0f94ad0f,problem-6195174aabf201f9,1,redundant,redundant,1 x redundant,middle,20,455,2,4,0.5,1.0,0.5,0,2,0.0,1.0,-15.25,1.0,false,1,1,eligible
prm-b659045eab2bbc92,problem-c4f4fd84bb522f70,0,harmful,redundant,0 x harmful,early,26,387,4,4,1.0,1.0,0.0,0,0,0.0,,83,1.0,false,1,4,eligible
prm-579dd704ce645be9,problem-b5dc33c4111f2507,-1,harmful,harmful,-1 x harmful,middle,29,507,0,0,0.0,0.0,0.0,0,0,,0.0,20.75,1.0,false,1,3,eligible
prm-42aea905c1b49570,problem-e560d5cf6d3fecc5,0,redundant,redundant,0 x redundant,middle,44,601,4,4,1.0,1.0,0.0,0,0,0.0,,48,1.0,false,1,4,eligible
prm-db5fb9c45b89211e,problem-e86aeb48607d14cf,1,essential,essential,1 x essential,middle,24,580,4,0,1.0,0.0,-1.0,4,0,1.0,,-60.5,1.0,false,1,1,eligible
prm-b1b1d1fed6ca6e88,problem-88bd1d429ff4da88,0,redundant,redundant,0 x redundant,early,40,498,0,0,0.0,0.0,0.0,0,0,,0.0,112.5,1.0,false,1,4,eligible
prm-e165ab188607be7d,problem-137a333dfafa51d5,-1,essential,redundant,-1 x essential,early,31,456,0,0,0.0,0.0,0.0,0,0,,0.0,-169.25,1.0,false,1,2,eligible
prm-a17bb33b5cced852,problem-dd48d65e326606be,1,redundant,essential,1 x redundant,late,73,592,4,4,1.0,1.0,0.0,0,0,0.0,,11.25,1.0,false,1,1,eligible
prm-57b082ca295d4211,problem-9855ca472cb26c0b,0,redundant,redundant,0 x redundant,late,12,596,4,4,1.0,1.0,0.0,0,0,0.0,,-32,1.0,false,0,0,skipped
prm-67c15cd755da8374,problem-59930f06199891a2,1,essential,essential,1 x essential,early,13,484,4,4,1.0,1.0,0.0,0,0,0.0,,-2.75,1.0,false,0,0,skipped
prm-0c1ebea011e80ccd,problem-21b63c00bc0a7ef6,-1,harmful,harmful,-1 x harmful,middle,17,463,0,4,0.0,1.0,1.0,0,4,,1.0,-112,1.0,false,0,0,skipped
prm-b2a4ce5f01127d75,problem-25b30ae82b7937f0,1,redundant,essential,1 x redundant,late,23,418,4,4,1.0,1.0,0.0,0,0,0.0,,9.75,1.0,false,1,2,eligible
prm-e8da447d3e7aeca5,problem-87cc54d7f4f149ba,-1,harmful,essential,-1 x harmful,early,36,576,0,0,0.0,0.0,0.0,0,0,,0.0,249.5,1.0,false,1,4,eligible
prm-56f31f0da676983f,problem-45d2328486552db2,-1,harmful,harmful,-1 x harmful,middle,61,553,0,3,0.0,0.75,0.75,0,3,,0.75,-1372.5,0.375,true,1,2,eligible
prm-1988846108e0f682,problem-4e48831b718f7ba2,0,essential,essential,0 x essential,early,40,385,0,0,0.0,0.0,0.0,0,0,,0.0,829,0.75,true,1,4,eligible
prm-1363a310736c9808,problem-0df325974e409586,-1,harmful,harmful,-1 x harmful,early,47,472,0,0,0.0,0.0,0.0,0,0,,0.0,80,0.25,true,0,0,skipped
prm-1ef2f094b18fa4d5,problem-9f3b9f8d7ae2958e,-1,harmful,harmful,-1 x harmful,early,28,295,4,4,1.0,1.0,0.0,0,0,0.0,,-111.25,1.0,false,1,4,eligible
prm-b4ce181080c6935d,problem-50d8fc4d7e16382c,-1,redundant,redundant,-1 x redundant,middle,15,569,3,2,0.75,0.5,-0.25,1,0,0.333333,0.0,-38.75,1.0,false,0,0,skipped
prm-e5218a9b5d49ef04,problem-44174d8b3df5f07b,-1,harmful,harmful,-1 x harmful,early,32,310,0,3,0.0,0.75,0.75,0,3,,0.75,98.75,1.0,false,1,2,eligible
prm-934ae181dbf1e5d6,problem-e670b2f65bcd4b8c,-1,harmful,harmful,-1 x harmful,late,20,386,4,4,1.0,1.0,0.0,0,0,0.0,,-50,0.5,true,0,0,skipped
prm-4a41ea6ca0473740,problem-5a8c50102096a59a,0,redundant,redundant,0 x redundant,late,35,1229,0,1,0.0,0.25,0.25,0,1,,0.25,73.75,1.0,false,1,4,eligible
prm-df9bfb129e27eea5,problem-c09864a50ddd773b,0,harmful,essential,0 x harmful,middle,41,633,4,4,1.0,1.0,0.0,0,0,0.0,,-82.75,1.0,false,1,4,eligible
prm-cfbe55fef530eeea,problem-af2fadb634c99ff9,1,essential,essential,1 x essential,early,54,393,4,4,1.0,1.0,0.0,0,0,0.0,,-126.5,1.0,false,1,2,eligible
prm-c5d23e135f1567c3,problem-86dafa426d0346e1,-1,harmful,harmful,-1 x harmful,middle,158,390,0,0,0.0,0.0,0.0,0,0,,0.0,202.25,1.0,false,0,0,skipped
prm-17ba4f9e4d89154f,problem-e8bbc51e4f0cedba,-1,harmful,harmful,-1 x harmful,late,17,867,0,4,0.0,1.0,1.0,0,4,,1.0,21,1.0,false,1,4,eligible
prm-6a5663499dcdfb6e,problem-de2d1c474b9ee450,1,essential,redundant,1 x essential,early,30,362,3,4,0.75,1.0,0.25,0,1,0.0,1.0,44.75,1.0,false,1,4,eligible
prm-9e945c5a20713eba,problem-6a73c9a2c1ed843f,0,essential,essential,0 x essential,late,28,581,4,4,1.0,1.0,0.0,0,0,0.0,,3,1.0,false,1,4,eligible
prm-bf79591055298bcd,problem-d051c7975db227d7,-1,harmful,harmful,-1 x harmful,late,51,1033,0,0,0.0,0.0,0.0,0,0,,0.0,204.75,1.0,false,1,4,eligible
prm-61fb797f33ef26d1,problem-32c3cda4fa5ff5d1,-1,harmful,harmful,-1 x harmful,late,18,615,4,4,1.0,1.0,0.0,0,0,0.0,,-9.75,1.0,false,1,4,eligible
prm-d828d740ba9cd096,problem-ab7e10c4af73c9ed,1,essential,essential,1 x essential,early,18,364,4,4,1.0,1.0,0.0,0,0,0.0,,-107,1.0,false,1,4,eligible
prm-81dd96c2af2f5b96,problem-c26fe5040bbc76a5,1,essential,essential,1 x essential,early,72,327,0,1,0.0,0.25,0.25,0,1,,0.25,370.5,1.0,false,0,0,skipped
prm-53e6ba65d64de23f,problem-81b70497c6720b0f,-1,harmful,harmful,-1 x harmful,middle,648,427,0,0,0.0,0.0,0.0,0,0,,0.0,473,1.0,false,0,0,skipped
prm-569d7cf9abe65f34,problem-2aeafb5e569f94dd,1,essential,essential,1 x essential,early,35,314,0,4,0.0,1.0,1.0,0,4,,1.0,-1851.5,0.5,true,1,4,eligible
prm-51383cc20140c6d4,problem-0887851f3251fb23,0,redundant,redundant,0 x redundant,middle,6,494,4,4,1.0,1.0,0.0,0,0,0.0,,-1,1.0,false,0,0,skipped
prm-60b56f07df1c7db4,problem-e6376885ffd20df9,-1,harmful,harmful,-1 x harmful,middle,46,521,0,0,0.0,0.0,0.0,0,0,,0.0,394.25,1.0,false,1,4,eligible
prm-738ac1e91010e501,problem-a4a92af384d88e0b,1,redundant,essential,1 x redundant,early,28,303,4,4,1.0,1.0,0.0,0,0,0.0,,6,1.0,false,1,1,eligible
prm-ebe33b841de11dec,problem-6f0e66a3f1cbf245,1,essential,essential,1 x essential,late,29,655,4,4,1.0,1.0,0.0,0,0,0.0,,8,1.0,false,1,4,eligible
prm-178620daeb1c879c,problem-85bf82715fb1ee12,1,essential,essential,1 x essential,late,29,425,4,4,1.0,1.0,0.0,0,0,0.0,,-79,1.0,false,1,1,eligible
prm-0ea143eb25e18743,problem-7c500c083448945b,0,essential,essential,0 x essential,middle,55,720,0,0,0.0,0.0,0.0,0,0,,0.0,154,1.0,false,1,2,eligible
prm-48b0d62a1035c5eb,problem-746eb37011dd5080,-1,harmful,essential,-1 x harmful,early,45,411,4,4,1.0,1.0,0.0,0,0,0.0,,-60.25,1.0,false,1,3,eligible
prm-1eb61d347e7307c6,problem-53216a75c996f35c,1,redundant,redundant,1 x redundant,late,8,496,4,4,1.0,1.0,0.0,0,0,0.0,,30,1.0,false,0,0,skipped
prm-6c647c9d900edecf,problem-ec4a6e5635d208d7,0,essential,harmful,0 x essential,late,54,905,0,0,0.0,0.0,0.0,0,0,,0.0,-12.5,0.875,true,1,1,eligible
prm-7616aa089b45809c,problem-9762de06228ca9c9,0,essential,essential,0 x essential,late,21,604,4,4,1.0,1.0,0.0,0,0,0.0,,-71.25,1.0,false,1,3,eligible
prm-c5d0b2ae9f6de94a,problem-42517366b010dd6b,1,redundant,redundant,1 x redundant,middle,20,592,2,0,0.5,0.0,-0.5,2,0,1.0,0.0,53,1.0,false,1,4,eligible
prm-32ce22f0573267db,problem-4ecc75de961c1f8e,1,redundant,essential,1 x redundant,early,31,302,0,4,0.0,1.0,1.0,0,4,,1.0,37.75,1.0,false,1,4,eligible
prm-73806d5bdc6ee15f,problem-a153bf646bb8dfb0,0,redundant,essential,0 x redundant,late,35,668,4,4,1.0,1.0,0.0,0,0,0.0,,-45.25,1.0,false,1,4,eligible
prm-44adc004d54b0a92,problem-fdc8aba1c1ade2de,0,redundant,redundant,0 x redundant,middle,15,657,0,0,0.0,0.0,0.0,0,0,,0.0,27.25,1.0,false,0,0,skipped
prm-e853a7a5555f3056,problem-57d488b1dac9c921,1,essential,redundant,1 x essential,early,40,302,0,0,0.0,0.0,0.0,0,0,,0.0,108.5,0.875,true,1,4,eligible
prm-def1910362f8da38,problem-c09864a50ddd773b,1,essential,essential,1 x essential,early,38,327,4,2,1.0,0.5,-0.5,2,0,0.5,,211,0.75,true,1,4,eligible
prm-2d520973414e1dcb,problem-1866ff06f6f007c8,1,redundant,redundant,1 x redundant,middle,44,506,4,2,1.0,0.5,-0.5,2,0,0.5,,53.25,1.0,false,1,4,eligible
prm-0000660f74dea7ea,problem-eed9594538d18b57,0,harmful,harmful,0 x harmful,middle,36,548,0,0,0.0,0.0,0.0,0,0,,0.0,148,0.75,true,1,2,eligible
prm-6fb0c8f8ee2ebabd,problem-8c8f96252d975acd,0,harmful,redundant,0 x harmful,middle,24,531,3,4,0.75,1.0,0.25,0,1,0.0,1.0,97,1.0,false,1,4,eligible
prm-3d9ad8daca3b8faa,problem-d7d47865fbb51ce6,-1,harmful,harmful,-1 x harmful,late,35,758,4,4,1.0,1.0,0.0,0,0,0.0,,-176.5,1.0,false,1,4,eligible
prm-2413c903941648a5,problem-118be303d7abffbe,-1,essential,harmful,-1 x essential,early,29,347,0,4,0.0,1.0,1.0,0,4,,1.0,-161.5,1.0,false,1,4,eligible
prm-45c25b865bce0fe1,problem-a761c38205b1ac25,-1,essential,essential,-1 x essential,early,76,418,0,0,0.0,0.0,0.0,0,0,,0.0,29.75,1.0,false,1,2,eligible
prm-c7fdd3c01ea7968c,problem-3c77f3abead87cb6,1,essential,essential,1 x essential,late,35,538,2,4,0.5,1.0,0.5,0,2,0.0,1.0,14.5,1.0,false,1,4,eligible
prm-b30d7b8afa669a70,problem-4ecfbe0b1cc77e4e,-1,essential,essential,-1 x essential,early,26,492,0,4,0.0,1.0,1.0,0,4,,1.0,-17,1.0,false,1,4,eligible
prm-9d4dfc92d2809bdb,problem-9762de06228ca9c9,0,redundant,essential,0 x redundant,late,31,650,4,4,1.0,1.0,0.0,0,0,0.0,,42.75,1.0,false,1,4,eligible
prm-d22d355799e3baaf,problem-42517366b010dd6b,-1,harmful,harmful,-1 x harmful,middle,35,721,0,0,0.0,0.0,0.0,0,0,,0.0,-168,1.0,false,1,4,eligible
prm-735ea9ae49ab1cf2,problem-dbb4f569f90ecb0e,0,essential,redundant,0 x essential,early,47,487,0,0,0.0,0.0,0.0,0,0,,0.0,-61,0.5,true,0,0,skipped
prm-fe9bce2e8059e597,problem-2751b7253592e67a,-1,harmful,harmful,-1 x harmful,middle,38,389,4,4,1.0,1.0,0.0,0,0,0.0,,58.5,1.0,false,0,0,skipped
prm-caf345262620d432,problem-fc0b0712fe1587cc,0,redundant,redundant,0 x redundant,late,21,695,4,4,1.0,1.0,0.0,0,0,0.0,,-39,1.0,false,1,4,eligible
prm-2a5b9be75f2130c8,problem-24cffc732716cb8f,-1,harmful,harmful,-1 x harmful,early,28,404,0,4,0.0,1.0,1.0,0,4,,1.0,71,1.0,false,1,3,eligible
prm-7cf98f01d85acf4d,problem-d4b934f6ede28d75,1,harmful,essential,1 x harmful,middle,57,858,2,4,0.5,1.0,0.5,0,2,0.0,1.0,-12.5,1.0,false,1,4,eligible
prm-f43ad1cb6c3aa6ba,problem-4639686b328fdf30,0,essential,essential,0 x essential,late,20,646,0,0,0.0,0.0,0.0,0,0,,0.0,-15,1.0,false,1,4,eligible
prm-f66c436ea5314143,problem-c97bae96c69a7454,-1,redundant,redundant,-1 x redundant,late,42,922,0,4,0.0,1.0,1.0,0,4,,1.0,-1743.25,0.5,true,1,4,eligible
prm-e457a6097bf292ad,problem-88f73baedbff623c,1,essential,essential,1 x essential,late,24,533,4,4,1.0,1.0,0.0,0,0,0.0,,-87,1.0,false,1,3,eligible
prm-d43403303ce7ca47,problem-ab8474b5c891f6bb,0,redundant,essential,0 x redundant,late,32,822,0,0,0.0,0.0,0.0,0,0,,0.0,59,1.0,false,1,4,eligible
prm-91db4cb8cb67916a,problem-0809a483e113340d,1,redundant,essential,1 x redundant,early,54,575,4,3,1.0,0.75,-0.25,1,0,0.25,,352,0.875,true,1,4,eligible
prm-24135c674fb88634,problem-a5b3b535a7854a82,-1,harmful,harmful,-1 x harmful,middle,36,697,0,4,0.0,1.0,1.0,0,4,,1.0,-90,1.0,false,1,2,eligible
prm-d139e98806701b02,problem-b85cd3a0d61d8d2a,0,redundant,redundant,0 x redundant,late,25,584,4,4,1.0,1.0,0.0,0,0,0.0,,0,1.0,false,1,1,eligible
prm-499e50d1f2d6148c,problem-18a164d5c1185eef,-1,harmful,harmful,-1 x harmful,early,59,306,4,4,1.0,1.0,0.0,0,0,0.0,,52,1.0,false,0,0,skipped
prm-e31d87a5f18e7b0e,problem-81dd044c95a0fca3,1,essential,essential,1 x essential,middle,33,701,0,0,0.0,0.0,0.0,0,0,,0.0,-457.5,0.875,true,1,2,eligible
prm-02dc733a400c8a44,problem-4ad774d03e1d7ae9,-1,harmful,harmful,-1 x harmful,early,30,407,2,3,0.5,0.75,0.25,0,1,0.0,0.5,-13,1.0,false,1,4,eligible
prm-d9a76b21965836c2,problem-4eb54cd64aed6e3c,-1,harmful,harmful,-1 x harmful,late,28,602,4,0,1.0,0.0,-1.0,4,0,1.0,,-163,0.5,true,0,0,skipped
prm-a3a05daf8f16a52f,problem-4639686b328fdf30,0,essential,essential,0 x essential,early,23,495,4,0,1.0,0.0,-1.0,4,0,1.0,,-275.25,1.0,false,1,4,eligible
prm-47679397406393e0,problem-22d4c2de98f5c342,1,redundant,redundant,1 x redundant,early,22,425,3,4,0.75,1.0,0.25,0,1,0.0,1.0,19.75,1.0,false,1,4,eligible
prm-1b82baadae1514fc,problem-fb2f7de9a9991585,-1,harmful,harmful,-1 x harmful,early,46,316,0,0,0.0,0.0,0.0,0,0,,0.0,77.25,1.0,false,1,3,eligible
prm-01441d1b7d95366c,problem-cbe5b6b45a9ab948,1,essential,essential,1 x essential,middle,58,426,0,4,0.0,1.0,1.0,0,4,,1.0,-1753,0.5,true,1,1,eligible
prm-8acbcd62bf310d16,problem-07f83eec628533b9,1,redundant,essential,1 x redundant,middle,26,541,4,4,1.0,1.0,0.0,0,0,0.0,,29.75,1.0,false,1,3,eligible
prm-14fb1048eb99d376,problem-76bb173b20d420b6,-1,redundant,redundant,-1 x redundant,late,16,584,3,4,0.75,1.0,0.25,0,1,0.0,1.0,8.25,1.0,false,0,0,skipped
prm-295680b6ca231154,problem-3367017f1ecb3df4,-1,essential,essential,-1 x essential,early,31,434,4,4,1.0,1.0,0.0,0,0,0.0,,32.25,1.0,false,1,4,eligible
prm-f2aca719a99dc3e9,problem-5a8c50102096a59a,-1,harmful,harmful,-1 x harmful,late,47,723,0,0,0.0,0.0,0.0,0,0,,0.0,1186,0.75,true,1,2,eligible
prm-47a902d41e673ff6,problem-116237dfe3dbfe5a,0,redundant,redundant,0 x redundant,middle,37,647,1,3,0.25,0.75,0.5,0,2,0.0,0.666667,419.25,0.875,true,1,4,eligible
prm-0700321e0038e3d1,problem-3d1f09ed5cfd53dc,0,redundant,redundant,0 x redundant,early,33,300,4,0,1.0,0.0,-1.0,4,0,1.0,,-56,1.0,false,1,1,eligible
prm-9156dcd21a3e42c0,problem-693ebe9d1ed71104,1,essential,essential,1 x essential,middle,38,377,4,4,1.0,1.0,0.0,0,0,0.0,,65,1.0,false,1,1,eligible
prm-14c85f1b92bf8cfb,problem-d617e0f458c4b1fa,-1,harmful,harmful,-1 x harmful,middle,57,460,4,4,1.0,1.0,0.0,0,0,0.0,,-52.25,1.0,false,1,1,eligible
prm-8fb8c12bb402ec2d,problem-de0c58f09875d127,0,redundant,redundant,0 x redundant,late,45,519,4,4,1.0,1.0,0.0,0,0,0.0,,-34,1.0,false,1,1,eligible
prm-65435eea6f0c0b9a,problem-17002c400ab54889,0,redundant,redundant,0 x redundant,late,9,586,4,4,1.0,1.0,0.0,0,0,0.0,,-41,1.0,false,0,0,skipped
prm-66bc41cfa62d57e2,problem-cf3312d83cf0bc46,1,essential,essential,1 x essential,late,31,607,1,0,0.25,0.0,-0.25,1,0,1.0,0.0,52.5,1.0,false,1,4,eligible
prm-2dfd8218ce19b305,problem-59930f06199891a2,0,redundant,redundant,0 x redundant,late,20,854,4,4,1.0,1.0,0.0,0,0,0.0,,1.25,1.0,false,1,4,eligible
prm-b7f05eda927bf837,problem-72d9cb6397e8c5fb,0,redundant,redundant,0 x redundant,middle,75,828,1,0,0.25,0.0,-0.25,1,0,1.0,0.0,-195.75,1.0,false,1,2,eligible
prm-57a23b7d9d387a2d,problem-32b099c0f5aec3b1,0,harmful,harmful,0 x harmful,middle,54,610,0,4,0.0,1.0,1.0,0,4,,1.0,-29.5,1.0,false,1,1,eligible
prm-e0c68e2f69c92ce1,problem-e497bfcb257b3f78,0,harmful,essential,0 x harmful,middle,37,736,0,0,0.0,0.0,0.0,0,0,,0.0,-874.25,1.0,false,1,4,eligible
prm-ac01250021f796d9,problem-4639686b328fdf30,0,redundant,essential,0 x redundant,middle,28,675,0,4,0.0,1.0,1.0,0,4,,1.0,-70.75,1.0,false,1,4,eligible
prm-0ade6393f937db17,problem-bdd43ed050657861,1,redundant,essential,1 x redundant,middle,29,459,4,4,1.0,1.0,0.0,0,0,0.0,,-105,1.0,false,1,1,eligible
prm-77a86cb6e4dfd1aa,problem-4ee4220e8bc8cdab,1,essential,essential,1 x essential,middle,30,364,4,3,1.0,0.75,-0.25,1,0,0.25,,26.75,1.0,false,1,2,eligible
prm-99891d43a5e736a5,problem-eb20fcfbc7fe587d,0,redundant,essential,0 x redundant,late,71,810,4,4,1.0,1.0,0.0,0,0,0.0,,-3.75,1.0,false,1,1,eligible
prm-977f248f4b7b1084,problem-71eae2be9ad19da7,0,redundant,redundant,0 x redundant,middle,39,448,4,3,1.0,0.75,-0.25,1,0,0.25,,11.5,0.875,true,1,1,eligible
prm-f77af5e177e450d9,problem-30257ce512a9dbe4,0,essential,essential,0 x essential,late,50,730,2,4,0.5,1.0,0.5,0,2,0.0,1.0,80,1.0,false,1,2,eligible
prm-55ea704e2707c428,problem-ec4a6e5635d208d7,0,redundant,redundant,0 x redundant,middle,75,394,4,4,1.0,1.0,0.0,0,0,0.0,,13.75,1.0,false,0,0,skipped
prm-3ef9d1189683f74d,problem-f25c15fb353535a8,-1,harmful,essential,-1 x harmful,late,11,534,0,4,0.0,1.0,1.0,0,4,,1.0,-49.25,0.875,true,0,0,skipped
prm-51eccaad45590836,problem-2bf2a416429c8a87,-1,harmful,essential,-1 x harmful,middle,28,472,3,4,0.75,1.0,0.25,0,1,0.0,1.0,-21.25,1.0,false,1,4,eligible
prm-ac1c971aefdf8aad,problem-543fa2b4f0fe3ef6,0,harmful,redundant,0 x harmful,early,52,341,4,2,1.0,0.5,-0.5,2,0,0.5,,-164,1.0,false,1,2,eligible
prm-14d4896af9e2f42b,problem-827611782a6a81f2,-1,harmful,harmful,-1 x harmful,early,63,431,0,0,0.0,0.0,0.0,0,0,,0.0,-1904,0.5,true,1,3,eligible
prm-e5b42c42ddfdfe89,problem-72d9cb6397e8c5fb,0,redundant,redundant,0 x redundant,early,41,486,1,4,0.25,1.0,0.75,0,3,0.0,1.0,469.5,1.0,false,1,2,eligible
prm-24a4a38cf78a16b4,problem-b884ea4dff439d89,-1,harmful,harmful,-1 x harmful,late,21,647,0,0,0.0,0.0,0.0,0,0,,0.0,1520.25,0.25,true,0,0,skipped
prm-4dbc982a4c31d7d8,problem-2ac3a772d4b2a706,1,harmful,essential,1 x harmful,late,26,817,4,4,1.0,1.0,0.0,0,0,0.0,,-72.5,1.0,false,1,4,eligible
prm-92cd9c4d155c7994,problem-a54460c3eddba3c4,0,redundant,redundant,0 x redundant,early,31,286,4,4,1.0,1.0,0.0,0,0,0.0,,-121.75,1.0,false,1,1,eligible
prm-d86397c6b2e063ff,problem-498bac6c50d80f1b,0,essential,redundant,0 x essential,early,44,313,4,0,1.0,0.0,-1.0,4,0,1.0,,-53,1.0,false,1,3,eligible
prm-fb4120427f491cb1,problem-1d11f9ffbe4eb325,1,harmful,essential,1 x harmful,late,74,718,0,0,0.0,0.0,0.0,0,0,,0.0,62.5,1.0,false,0,0,skipped
prm-b141684d5ef466c9,problem-18a164d5c1185eef,0,redundant,redundant,0 x redundant,middle,41,561,4,4,1.0,1.0,0.0,0,0,0.0,,-20.25,1.0,false,1,3,eligible
prm-00177cb1b6246e3e,problem-b366ba898e337926,1,essential,essential,1 x essential,late,30,749,4,4,1.0,1.0,0.0,0,0,0.0,,-8,1.0,false,1,4,eligible
prm-edfe3301d75e7278,problem-ea0162ad089adfef,-1,harmful,harmful,-1 x harmful,late,38,805,0,0,0.0,0.0,0.0,0,0,,0.0,-155.25,1.0,false,1,4,eligible
prm-64c48353bed266ed,problem-07f83eec628533b9,0,essential,redundant,0 x essential,early,31,437,1,2,0.25,0.5,0.25,0,1,0.0,0.333333,32.75,1.0,false,1,2,eligible
prm-9aefc3c8b6098bf4,problem-89ee4e5ddd25b8e0,0,essential,redundant,0 x essential,early,31,322,0,1,0.0,0.25,0.25,0,1,,0.25,621.75,1.0,false,1,2,eligible
prm-210861cfb25add07,problem-9762de06228ca9c9,0,redundant,essential,0 x redundant,late,30,681,4,4,1.0,1.0,0.0,0,0,0.0,,8.25,1.0,false,1,4,eligible
prm-fa87724dc0063e72,problem-a4a92af384d88e0b,-1,harmful,harmful,-1 x harmful,late,21,534,4,4,1.0,1.0,0.0,0,0,0.0,,-42.75,1.0,false,1,4,eligible
prm-7a6e2d9a9da28f78,problem-cb95bc64c75cf167,-1,harmful,harmful,-1 x harmful,early,30,447,0,1,0.0,0.25,0.25,0,1,,0.25,157.75,1.0,false,1,4,eligible
prm-656a46c9640db820,problem-24b6ac402f7f606f,0,redundant,redundant,0 x redundant,early,31,351,4,1,1.0,0.25,-0.75,3,0,0.75,,-124.75,1.0,false,1,3,eligible
prm-d9e44ee7bd1dadc6,problem-9659416657d19153,-1,harmful,harmful,-1 x harmful,late,87,500,0,4,0.0,1.0,1.0,0,4,,1.0,33.25,0.625,true,0,0,skipped
prm-7a821b119f49c100,problem-71fc61f49bcfcd8f,1,redundant,redundant,1 x redundant,early,30,352,4,3,1.0,0.75,-0.25,1,0,0.25,,93.75,1.0,false,1,4,eligible
prm-76baed35df6fb032,problem-3e3197b5f708b626,1,redundant,essential,1 x redundant,middle,42,450,4,4,1.0,1.0,0.0,0,0,0.0,,16.75,1.0,false,1,3,eligible
prm-f418b9680e5a9dc1,problem-80883c8d718e7942,-1,harmful,redundant,-1 x harmful,early,36,324,4,4,1.0,1.0,0.0,0,0,0.0,,-38.5,1.0,false,1,4,eligible
prm-33b6dd3dabd31070,problem-54691fce5a1342e9,-1,harmful,harmful,-1 x harmful,middle,52,483,0,0,0.0,0.0,0.0,0,0,,0.0,-397,0.625,true,1,1,eligible
prm-23e4bf45fefddfca,problem-20855ff8e775267f,-1,harmful,harmful,-1 x harmful,late,57,502,1,4,0.25,1.0,0.75,0,3,0.0,1.0,17,1.0,false,1,2,eligible
prm-ea4bf8ee91052d6e,problem-f7d45d9e11fcf4f6,0,redundant,redundant,0 x redundant,early,16,333,4,4,1.0,1.0,0.0,0,0,0.0,,-29,1.0,false,0,0,skipped
prm-22008191f0fcf07c,problem-d43b5b59260aea9d,0,redundant,essential,0 x redundant,late,70,1131,4,4,1.0,1.0,0.0,0,0,0.0,,24.25,1.0,false,1,2,eligible
prm-d53813f5acf46dc2,problem-30257ce512a9dbe4,1,essential,essential,1 x essential,late,36,681,4,4,1.0,1.0,0.0,0,0,0.0,,-15,1.0,false,0,0,skipped
prm-27543090e207be07,problem-29b2b39dd7862f9d,0,redundant,essential,0 x redundant,early,27,311,0,0,0.0,0.0,0.0,0,0,,0.0,29,1.0,false,1,1,eligible
prm-374f893a0a7e07c4,problem-36fd071c1bb427b5,1,redundant,essential,1 x redundant,early,27,304,4,4,1.0,1.0,0.0,0,0,0.0,,6.25,1.0,false,1,1,eligible
prm-6b443c0ab9016cf3,problem-3e3197b5f708b626,0,redundant,redundant,0 x redundant,middle,53,464,4,4,1.0,1.0,0.0,0,0,0.0,,9,1.0,false,1,2,eligible
prm-9b09489564767b9d,problem-fa8130795d8510ae,0,essential,essential,0 x essential,early,26,466,4,4,1.0,1.0,0.0,0,0,0.0,,-31.25,1.0,false,1,1,eligible
prm-b02cba206762c771,problem-ba83e92e963aa63c,1,essential,essential,1 x essential,middle,38,471,4,4,1.0,1.0,0.0,0,0,0.0,,19,1.0,false,1,2,eligible
prm-1590d85cae7720a6,problem-7f3bd86e5e9247de,1,redundant,redundant,1 x redundant,late,26,531,4,1,1.0,0.25,-0.75,3,0,0.75,,38.75,1.0,false,1,4,eligible
prm-8d9aac49538338f6,problem-ca9cbef015dfaab2,1,essential,redundant,1 x essential,early,26,383,4,4,1.0,1.0,0.0,0,0,0.0,,-42,1.0,false,1,4,eligible
prm-d14414ada709f204,problem-6bb3caecbae2a0c3,0,redundant,redundant,0 x redundant,early,68,446,0,3,0.0,0.75,0.75,0,3,,0.75,-1543,0.5,true,1,4,eligible
prm-c00e9d4b22a619cf,problem-f5c172c898474116,0,harmful,essential,0 x harmful,early,88,326,4,4,1.0,1.0,0.0,0,0,0.0,,191.25,1.0,false,0,0,skipped
prm-6994d64b52995162,problem-5c91e3632a6bed3d,-1,harmful,harmful,-1 x harmful,middle,59,422,0,1,0.0,0.25,0.25,0,1,,0.25,90,1.0,false,1,1,eligible
prm-3490f4298028248f,problem-32b099c0f5aec3b1,0,harmful,redundant,0 x harmful,middle,28,567,4,4,1.0,1.0,0.0,0,0,0.0,,7,1.0,false,1,4,eligible
prm-896614eb571273fb,problem-e684634d63b6e43e,1,essential,essential,1 x essential,middle,19,579,2,0,0.5,0.0,-0.5,2,0,1.0,0.0,-37.25,0.75,true,0,0,skipped
prm-5163da324c8a2bc9,problem-953b683f2dc4237e,1,essential,essential,1 x essential,early,46,329,4,4,1.0,1.0,0.0,0,0,0.0,,-64.75,1.0,false,0,0,skipped
prm-060b37de44a23f9c,problem-eb3187c38ab27028,1,redundant,redundant,1 x redundant,late,19,467,4,0,1.0,0.0,-1.0,4,0,1.0,,103.5,1.0,false,1,3,eligible
prm-6a48687cd49dd67e,problem-5d4e128b653312de,-1,harmful,essential,-1 x harmful,late,52,809,4,4,1.0,1.0,0.0,0,0,0.0,,5.5,1.0,false,1,2,eligible
prm-bcf33e68e625980e,problem-dbe25f76577aa227,-1,harmful,harmful,-1 x harmful,early,57,369,0,0,0.0,0.0,0.0,0,0,,0.0,-256.75,1.0,false,1,1,eligible
prm-4f8665f0a19739c3,problem-48e7b5d5a1bb68e8,0,harmful,harmful,0 x harmful,late,35,826,4,4,1.0,1.0,0.0,0,0,0.0,,97,1.0,false,1,4,eligible
prm-a3fb1524920e2118,problem-eb3187c38ab27028,0,redundant,essential,0 x redundant,middle,49,571,4,4,1.0,1.0,0.0,0,0,0.0,,33,1.0,false,1,1,eligible
prm-b776a9c2dead1877,problem-5acc6365946cc933,0,redundant,redundant,0 x redundant,late,21,619,4,4,1.0,1.0,0.0,0,0,0.0,,30,1.0,false,0,0,skipped
prm-31f315049adee361,problem-a3f40663ba19390b,0,redundant,essential,0 x redundant,late,45,1036,4,4,1.0,1.0,0.0,0,0,0.0,,-36,1.0,false,1,3,eligible
prm-0796ce8561574c8c,problem-b4bdce0b7c998bd0,1,essential,redundant,1 x essential,late,28,753,4,4,1.0,1.0,0.0,0,0,0.0,,97.25,1.0,false,1,4,eligible
prm-fa241fc7e4a6f419,problem-1a7c478bb9ae0d78,1,redundant,redundant,1 x redundant,late,17,578,4,0,1.0,0.0,-1.0,4,0,1.0,,83,1.0,false,1,1,eligible
prm-a619a9e3e9a63362,problem-afe7eeff1cb11ff9,1,redundant,redundant,1 x redundant,late,15,504,4,4,1.0,1.0,0.0,0,0,0.0,,-7.25,1.0,false,0,0,skipped
prm-b3c55327f85d52bf,problem-59930f06199891a2,-1,essential,essential,-1 x essential,late,51,631,4,2,1.0,0.5,-0.5,2,0,0.5,,61.25,1.0,false,1,1,eligible
prm-4c7b0daf67f174f2,problem-27304254dfee5d97,0,harmful,harmful,0 x harmful,middle,17,724,0,4,0.0,1.0,1.0,0,4,,1.0,25,1.0,false,1,4,eligible
prm-bd9c89c30ff0439e,problem-59930f06199891a2,1,essential,essential,1 x essential,late,28,549,3,4,0.75,1.0,0.25,0,1,0.0,1.0,-8.5,1.0,false,1,4,eligible
prm-8cc3ef6509ad6fbf,problem-7402b093e77ab835,1,essential,essential,1 x essential,early,89,307,4,4,1.0,1.0,0.0,0,0,0.0,,41.5,1.0,false,0,0,skipped
prm-649bf3fbe6231218,problem-70cf8bf9114223fc,1,essential,essential,1 x essential,late,28,682,4,4,1.0,1.0,0.0,0,0,0.0,,3,1.0,false,1,4,eligible
prm-42aa85293ce04d6c,problem-ab7e10c4af73c9ed,1,redundant,redundant,1 x redundant,middle,14,432,0,0,0.0,0.0,0.0,0,0,,0.0,27,1.0,false,1,2,eligible
prm-1032a7112c293158,problem-ebebe01a18f218d6,1,redundant,redundant,1 x redundant,early,20,312,0,0,0.0,0.0,0.0,0,0,,0.0,-203.5,1.0,false,1,4,eligible
prm-2d19813fccf4dac9,problem-92992c0e162b3d6d,0,redundant,harmful,0 x redundant,late,39,540,0,0,0.0,0.0,0.0,0,0,,0.0,95.75,1.0,false,1,4,eligible
prm-1fa85012955acc38,problem-9f3b9f8d7ae2958e,1,essential,essential,1 x essential,early,20,442,4,4,1.0,1.0,0.0,0,0,0.0,,45.25,1.0,false,1,4,eligible
prm-6a679885fe24ca4d,problem-108f81538ad8d2c1,-1,harmful,harmful,-1 x harmful,middle,32,659,0,0,0.0,0.0,0.0,0,0,,0.0,0,0.0,true,1,1,eligible
prm-bbdc2cbce9d5d71d,problem-746a8f87097718e5,1,essential,essential,1 x essential,middle,67,396,3,2,0.75,0.5,-0.25,2,1,0.666667,1.0,-31.75,1.0,false,0,0,skipped
prm-61500888ffe32624,problem-d699cb734c33a748,1,essential,essential,1 x essential,early,33,431,1,2,0.25,0.5,0.25,1,2,1.0,0.666667,-22.75,1.0,false,1,2,eligible
prm-3b8fc6d3080aade1,problem-498bac6c50d80f1b,0,redundant,redundant,0 x redundant,late,38,629,4,4,1.0,1.0,0.0,0,0,0.0,,-99.25,1.0,false,1,3,eligible
prm-24d79d07da1abeb8,problem-ecf5fa925de2e2ec,0,essential,essential,0 x essential,middle,41,425,4,4,1.0,1.0,0.0,0,0,0.0,,-68.75,1.0,false,1,2,eligible
prm-b8457436293d4e60,problem-92992c0e162b3d6d,-1,harmful,harmful,-1 x harmful,late,38,559,0,0,0.0,0.0,0.0,0,0,,0.0,-16.25,1.0,false,1,1,eligible
prm-9ef4a4362f8a777c,problem-edc76d80b3d26c0a,0,essential,essential,0 x essential,middle,24,586,4,4,1.0,1.0,0.0,0,0,0.0,,117.75,1.0,false,1,4,eligible
prm-7af50adf0a42982f,problem-59930f06199891a2,1,redundant,redundant,1 x redundant,early,20,297,0,0,0.0,0.0,0.0,0,0,,0.0,0,0.0,true,1,4,eligible
prm-4c8c15a6cba67d79,problem-96a8c62f9c87bbff,1,redundant,harmful,1 x redundant,early,19,358,0,0,0.0,0.0,0.0,0,0,,0.0,6,1.0,false,1,3,eligible
prm-242890b88c115e2c,problem-57971ca6c2f0ea0b,1,essential,redundant,1 x essential,late,57,801,3,1,0.75,0.25,-0.5,2,0,0.666667,0.0,31.75,1.0,false,1,1,eligible
prm-2c5e0537236b9a03,problem-9855ca472cb26c0b,1,essential,essential,1 x essential,early,36,422,0,1,0.0,0.25,0.25,0,1,,0.25,-586.25,0.875,true,1,4,eligible
prm-64052b65a1c192c7,problem-50586870d07058f9,-1,harmful,harmful,-1 x harmful,late,32,873,0,0,0.0,0.0,0.0,0,0,,0.0,-434,0.75,true,1,2,eligible
prm-05db80661c2eea87,problem-ca9cbef015dfaab2,0,redundant,harmful,0 x redundant,late,30,603,4,4,1.0,1.0,0.0,0,0,0.0,,72,1.0,false,1,4,eligible
prm-dfed03ca959f8315,problem-2757934eba881767,1,essential,essential,1 x essential,middle,41,699,0,0,0.0,0.0,0.0,0,0,,0.0,-4.5,0.375,true,1,3,eligible
prm-ca096eb77c3d707b,problem-108f81538ad8d2c1,0,redundant,redundant,0 x redundant,early,19,486,0,3,0.0,0.75,0.75,0,3,,0.75,221.75,1.0,false,1,1,eligible
prm-dbb76c0284dc2629,problem-108f81538ad8d2c1,-1,harmful,harmful,-1 x harmful,early,36,458,0,3,0.0,0.75,0.75,0,3,,0.75,94.25,1.0,false,1,4,eligible
prm-c93b572ed45d09e3,problem-a54ef7e372ba2713,-1,harmful,harmful,-1 x harmful,middle,46,351,4,4,1.0,1.0,0.0,0,0,0.0,,8.25,1.0,false,1,1,eligible
prm-7805f2fb660af82c,problem-e560d5cf6d3fecc5,1,essential,essential,1 x essential,middle,69,478,0,4,0.0,1.0,1.0,0,4,,1.0,-1846.75,0.5,true,1,1,eligible
prm-694eda0133adae37,problem-eb3187c38ab27028,0,redundant,redundant,0 x redundant,middle,21,620,4,4,1.0,1.0,0.0,0,0,0.0,,2.25,1.0,false,1,2,eligible
prm-6c4e585fba73949f,problem-5932169135a7e725,-1,harmful,harmful,-1 x harmful,middle,35,519,0,1,0.0,0.25,0.25,0,1,,0.25,53.5,1.0,false,1,4,eligible
prm-2953ceb48c3d11eb,problem-c4f4fd84bb522f70,0,harmful,redundant,0 x harmful,early,36,303,4,4,1.0,1.0,0.0,0,0,0.0,,64.75,1.0,false,1,4,eligible
prm-5be58b31f228d28e,problem-dedb35fff0a06a5e,-1,harmful,harmful,-1 x harmful,early,25,342,4,4,1.0,1.0,0.0,0,0,0.0,,-81.25,1.0,false,1,2,eligible
prm-de2964131ac70829,problem-d41322c9103030ce,1,harmful,redundant,1 x harmful,early,28,366,2,4,0.5,1.0,0.5,0,2,0.0,1.0,-40.75,1.0,false,0,0,skipped
prm-a9006452bf5662ee,problem-782deeefb596a9df,-1,redundant,redundant,-1 x redundant,early,27,371,4,4,1.0,1.0,0.0,0,0,0.0,,-49.25,1.0,false,1,4,eligible
prm-9def3665fa2dd260,problem-3b95366916efe8e8,1,harmful,harmful,1 x harmful,middle,41,490,3,4,0.75,1.0,0.25,0,1,0.0,1.0,-386.25,0.875,true,1,4,eligible
prm-317d37656fcc5ddd,problem-24416ee05263b731,0,essential,essential,0 x essential,middle,43,394,4,4,1.0,1.0,0.0,0,0,0.0,,147,1.0,false,1,4,eligible
prm-7aacc6952228d379,problem-76bb173b20d420b6,1,essential,essential,1 x essential,late,82,502,4,4,1.0,1.0,0.0,0,0,0.0,,7,1.0,false,1,2,eligible
prm-ac7f15288ce11c38,problem-b18bba5824f91f21,-1,harmful,harmful,-1 x harmful,early,36,369,0,4,0.0,1.0,1.0,0,4,,1.0,181.5,0.5,true,0,0,skipped
prm-7a422bc7fddfdf54,problem-ee7c7225248fbed1,-1,harmful,harmful,-1 x harmful,middle,33,440,1,0,0.25,0.0,-0.25,1,0,1.0,0.0,62.75,1.0,false,1,4,eligible
prm-3fb0a1041b0e6522,problem-d1c9cde932510127,-1,harmful,harmful,-1 x harmful,early,27,278,0,4,0.0,1.0,1.0,0,4,,1.0,26.5,1.0,false,1,1,eligible
prm-fa4778df65d9a289,problem-214693f141327f81,-1,harmful,harmful,-1 x harmful,middle,34,409,0,2,0.0,0.5,0.5,0,2,,0.5,107.5,1.0,false,1,2,eligible
prm-4dece02217f93500,problem-c0364fc64487e4ec,0,redundant,redundant,0 x redundant,late,21,710,4,1,1.0,0.25,-0.75,3,0,0.75,,1483,0.625,true,1,4,eligible
prm-2d6ec7aa85de8014,problem-9855ca472cb26c0b,0,redundant,redundant,0 x redundant,middle,21,594,4,4,1.0,1.0,0.0,0,0,0.0,,-54.25,1.0,false,0,0,skipped
prm-dc919cb80f6423eb,problem-57d488b1dac9c921,0,redundant,redundant,0 x redundant,early,31,422,0,0,0.0,0.0,0.0,0,0,,0.0,170.5,1.0,false,1,4,eligible
prm-c7bf20109ee3402e,problem-eee898cfa2cd6785,-1,harmful,essential,-1 x harmful,late,52,599,0,4,0.0,1.0,1.0,0,4,,1.0,67,1.0,false,1,2,eligible
prm-7449b3260474567e,problem-edc76d80b3d26c0a,1,essential,essential,1 x essential,late,49,882,4,4,1.0,1.0,0.0,0,0,0.0,,55,1.0,false,1,3,eligible
prm-370bf73e2c4bd7d0,problem-f5ace075c490ab02,1,essential,redundant,1 x essential,middle,21,580,0,0,0.0,0.0,0.0,0,0,,0.0,0,0.0,true,0,0,skipped
prm-6c8f717ff62b444b,problem-29b2b39dd7862f9d,0,essential,essential,0 x essential,early,22,289,0,0,0.0,0.0,0.0,0,0,,0.0,-24,1.0,false,1,1,eligible
prm-52a853240fdce958,problem-0887851f3251fb23,-1,harmful,harmful,-1 x harmful,late,28,549,0,0,0.0,0.0,0.0,0,0,,0.0,74,1.0,false,1,1,eligible
prm-1fdd16bd5ee2ebb1,problem-0d469d0ece1c8db4,0,harmful,harmful,0 x harmful,early,35,317,0,4,0.0,1.0,1.0,0,4,,1.0,-1220.75,0.625,true,1,2,eligible
prm-4b2cde83a58c010f,problem-c4f4fd84bb522f70,0,harmful,essential,0 x harmful,late,30,627,4,4,1.0,1.0,0.0,0,0,0.0,,-11.25,1.0,false,1,4,eligible
prm-e3b1b8595fa68428,problem-8870acf1d4b163f5,0,harmful,redundant,0 x harmful,early,21,346,4,4,1.0,1.0,0.0,0,0,0.0,,-53,1.0,false,1,4,eligible
prm-9b1fccc8cdbe2d3c,problem-96a8c62f9c87bbff,0,redundant,essential,0 x redundant,early,11,315,0,0,0.0,0.0,0.0,0,0,,0.0,63,1.0,false,1,2,eligible
prm-07ed10b9917c2389,problem-f2c81f01ec95c73f,-1,harmful,essential,-1 x harmful,late,89,613,0,0,0.0,0.0,0.0,0,0,,0.0,200.5,1.0,false,0,0,skipped
prm-a15fb929dff59e97,problem-8e69fc01349a975d,-1,harmful,harmful,-1 x harmful,middle,48,616,0,0,0.0,0.0,0.0,0,0,,0.0,-17.75,0.5,true,1,4,eligible
prm-12bc5c8b425e5765,problem-1a7c478bb9ae0d78,1,essential,essential,1 x essential,late,28,468,0,0,0.0,0.0,0.0,0,0,,0.0,45,1.0,false,1,2,eligible
prm-9df86fcdc40baf88,problem-118be303d7abffbe,1,essential,redundant,1 x essential,early,24,315,1,3,0.25,0.75,0.5,0,2,0.0,0.666667,230.75,1.0,false,1,4,eligible
prm-68e9514e2eb03142,problem-fdc8aba1c1ade2de,-1,harmful,essential,-1 x harmful,middle,64,790,0,0,0.0,0.0,0.0,0,0,,0.0,141,1.0,false,1,1,eligible
prm-ae5ba6e191f09528,problem-dedb35fff0a06a5e,-1,harmful,essential,-1 x harmful,early,28,312,0,4,0.0,1.0,1.0,0,4,,1.0,44,1.0,false,0,0,skipped
prm-315d6ba30914293a,problem-4639686b328fdf30,0,redundant,redundant,0 x redundant,late,36,1001,0,0,0.0,0.0,0.0,0,0,,0.0,2.5,1.0,false,1,4,eligible
prm-92e6c6de9151c528,problem-c16492850cbf8813,1,essential,redundant,1 x essential,early,32,294,4,4,1.0,1.0,0.0,0,0,0.0,,142.25,1.0,false,1,4,eligible
prm-2fbe6edf19120d31,problem-3cbf37a65f1d222a,-1,harmful,harmful,-1 x harmful,late,22,556,4,4,1.0,1.0,0.0,0,0,0.0,,-35.75,1.0,false,1,4,eligible
prm-5bd12286ca047ec0,problem-26def20db88cf572,1,essential,essential,1 x essential,early,41,505,4,4,1.0,1.0,0.0,0,0,0.0,,96,1.0,false,1,4,eligible
prm-64828b0b15ca157c,problem-3e3197b5f708b626,1,redundant,essential,1 x redundant,late,27,591,4,4,1.0,1.0,0.0,0,0,0.0,,-13,1.0,false,1,1,eligible
prm-f2ca2a7324883c6d,problem-98ba12c744ebd5e7,-1,essential,harmful,-1 x essential,late,29,459,0,0,0.0,0.0,0.0,0,0,,0.0,7,1.0,false,1,3,eligible
prm-6810d2c059913e28,problem-150eaf9aec741382,0,essential,essential,0 x essential,middle,48,473,0,4,0.0,1.0,1.0,0,4,,1.0,-1882.75,0.5,true,1,1,eligible
prm-c01bc07ec8bcb448,problem-4e48831b718f7ba2,-1,harmful,redundant,-1 x harmful,early,56,440,0,1,0.0,0.25,0.25,0,1,,0.25,163.25,1.0,false,1,4,eligible
prm-ab1c7130781f0c6b,problem-d699cb734c33a748,0,harmful,harmful,0 x harmful,middle,31,537,4,0,1.0,0.0,-1.0,4,0,1.0,,-256.25,1.0,false,1,2,eligible
prm-f17b27e710e8f147,problem-81dd044c95a0fca3,-1,harmful,harmful,-1 x harmful,early,79,416,0,0,0.0,0.0,0.0,0,0,,0.0,-257,0.875,true,1,3,eligible
prm-6bdba3a9023070a1,problem-a5b3b535a7854a82,-1,harmful,harmful,-1 x harmful,middle,57,519,4,4,1.0,1.0,0.0,0,0,0.0,,-175.5,1.0,false,1,2,eligible
prm-6ee8687119787677,problem-9b85603bc31a2030,1,redundant,essential,1 x redundant,early,23,296,4,4,1.0,1.0,0.0,0,0,0.0,,-105,1.0,false,1,1,eligible
prm-3d7ee20871a31c85,problem-5a8c50102096a59a,0,redundant,redundant,0 x redundant,middle,18,837,4,1,1.0,0.25,-0.75,3,0,0.75,,-200.5,1.0,false,1,4,eligible
prm-cbc588184fc6053c,problem-cdaeb4bf71f69112,1,essential,essential,1 x essential,middle,49,519,1,0,0.25,0.0,-0.25,1,0,1.0,0.0,-3,1.0,false,1,4,eligible
prm-5da3ed1afff5caaa,problem-b884ea4dff439d89,-1,harmful,harmful,-1 x harmful,early,41,378,4,3,1.0,0.75,-0.25,1,0,0.25,,-2,1.0,false,0,0,skipped
prm-49dfa9357a3a5686,problem-de0c58f09875d127,0,essential,essential,0 x essential,late,39,461,4,3,1.0,0.75,-0.25,1,0,0.25,,31.25,1.0,false,1,2,eligible
prm-3dc58ac2c43483b2,problem-ca9cbef015dfaab2,-1,harmful,harmful,-1 x harmful,late,22,650,0,0,0.0,0.0,0.0,0,0,,0.0,-18,1.0,false,1,2,eligible
prm-2cb8f0ea41668c12,problem-607ec7f40a3b19a9,-1,harmful,harmful,-1 x harmful,late,35,521,0,0,0.0,0.0,0.0,0,0,,0.0,-54,1.0,false,1,3,eligible
prm-91df52b1208ea81d,problem-4928f50ac88f7a16,1,essential,essential,1 x essential,late,26,457,4,4,1.0,1.0,0.0,0,0,0.0,,79,1.0,false,1,2,eligible
prm-951e8e518dae1077,problem-7317c41e6c58289b,1,essential,essential,1 x essential,late,36,593,4,4,1.0,1.0,0.0,0,0,0.0,,23,1.0,false,1,4,eligible
prm-ef29966d7a6bd3e2,problem-2ca7e059eeb0b7dd,0,redundant,redundant,0 x redundant,early,12,327,4,4,1.0,1.0,0.0,0,0,0.0,,-48.25,1.0,false,1,1,eligible
prm-7f470224e279c9a5,problem-d4b549c0bfc69f15,-1,harmful,harmful,-1 x harmful,early,110,480,0,0,0.0,0.0,0.0,0,0,,0.0,-580,0.75,true,1,4,eligible
prm-27e89528dea4c565,problem-34876d45164544f1,0,redundant,redundant,0 x redundant,early,31,339,4,4,1.0,1.0,0.0,0,0,0.0,,6,1.0,false,1,4,eligible
prm-f254e3a090dbe70a,problem-83864f8749594ce4,1,essential,redundant,1 x essential,late,31,480,4,4,1.0,1.0,0.0,0,0,0.0,,-75.5,1.0,false,1,4,eligible
prm-64b92977ff492b9b,problem-e684634d63b6e43e,-1,essential,essential,-1 x essential,late,28,616,0,4,0.0,1.0,1.0,0,4,,1.0,-61,1.0,false,1,4,eligible
prm-5aef13ef62a287fc,problem-07f83eec628533b9,0,redundant,harmful,0 x redundant,late,105,751,4,4,1.0,1.0,0.0,0,0,0.0,,-4.5,1.0,false,0,0,skipped
prm-fde519a4d71d112d,problem-96a8c62f9c87bbff,1,essential,redundant,1 x essential,late,16,613,0,0,0.0,0.0,0.0,0,0,,0.0,-22.5,1.0,false,1,4,eligible
prm-b09e1aa4bb87ee7c,problem-a0041119ec9c197c,1,harmful,essential,1 x harmful,late,18,724,0,0,0.0,0.0,0.0,0,0,,0.0,1851.75,0.0,true,1,2,eligible
prm-c9fe17645948c6da,problem-a153bf646bb8dfb0,0,redundant,redundant,0 x redundant,middle,37,631,4,4,1.0,1.0,0.0,0,0,0.0,,-23.5,1.0,false,1,4,eligible
prm-1989a099acb06f53,problem-1866ff06f6f007c8,0,redundant,redundant,0 x redundant,late,52,652,1,4,0.25,1.0,0.75,0,3,0.0,1.0,-5.5,0.625,true,1,4,eligible
prm-d4926e70a53c8c17,problem-d7d47865fbb51ce6,1,redundant,redundant,1 x redundant,early,21,338,4,4,1.0,1.0,0.0,0,0,0.0,,-186,1.0,false,1,3,eligible
prm-707a079b8cebba7e,problem-5bf83c63cfb01744,-1,harmful,harmful,-1 x harmful,early,75,402,2,4,0.5,1.0,0.5,0,2,0.0,1.0,-154.25,1.0,false,1,2,eligible
prm-da9a80d73183841e,problem-71fc61f49bcfcd8f,0,redundant,redundant,0 x redundant,early,56,463,1,2,0.25,0.5,0.25,0,1,0.0,0.333333,-1282.25,0.625,true,1,4,eligible
prm-4d125d919f106dbe,problem-fc0b0712fe1587cc,0,essential,harmful,0 x essential,late,63,673,4,4,1.0,1.0,0.0,0,0,0.0,,55.75,1.0,false,1,1,eligible
prm-b46df73b9c7f1dd9,problem-7d076f64a5e86762,-1,harmful,harmful,-1 x harmful,late,40,485,0,4,0.0,1.0,1.0,0,4,,1.0,-23,1.0,false,1,1,eligible
prm-9ceaed5b974155d1,problem-d4b934f6ede28d75,-1,redundant,harmful,-1 x redundant,middle,65,474,4,4,1.0,1.0,0.0,0,0,0.0,,44,1.0,false,0,0,skipped
prm-b61370dd7f97aa7c,problem-dedb35fff0a06a5e,1,essential,harmful,1 x essential,early,40,312,4,4,1.0,1.0,0.0,0,0,0.0,,68.75,1.0,false,1,3,eligible
prm-158ef0683bb8bf70,problem-a153bf646bb8dfb0,-1,harmful,harmful,-1 x harmful,late,39,713,4,4,1.0,1.0,0.0,0,0,0.0,,6.25,1.0,false,1,4,eligible
prm-c95d41ec650cb773,problem-86429feba2dedf48,-1,harmful,harmful,-1 x harmful,middle,31,578,4,4,1.0,1.0,0.0,0,0,0.0,,39.5,1.0,false,1,3,eligible
prm-762ceff54735d7f1,problem-34876d45164544f1,0,redundant,redundant,0 x redundant,middle,20,397,4,4,1.0,1.0,0.0,0,0,0.0,,55,1.0,false,1,3,eligible
prm-e9f04531a844d980,problem-22d4c2de98f5c342,-1,harmful,harmful,-1 x harmful,late,20,590,0,4,0.0,1.0,1.0,0,4,,1.0,3,1.0,false,1,1,eligible
prm-9db27c5e8855d8c2,problem-61623a4f6df2088f,-1,harmful,harmful,-1 x harmful,late,105,869,4,4,1.0,1.0,0.0,0,0,0.0,,-195.5,1.0,false,1,2,eligible
prm-08169263b46b6a22,problem-18a164d5c1185eef,1,essential,essential,1 x essential,middle,23,538,4,4,1.0,1.0,0.0,0,0,0.0,,75.75,1.0,false,1,4,eligible
prm-5636d3dc1eb6633f,problem-f79eb3696da414f8,-1,harmful,harmful,-1 x harmful,middle,40,369,4,4,1.0,1.0,0.0,0,0,0.0,,70.75,1.0,false,1,4,eligible
prm-c502b3dc0f88dfaf,problem-370853d31f3eb781,-1,harmful,harmful,-1 x harmful,early,28,439,1,1,0.25,0.25,0.0,1,1,1.0,0.333333,927.75,0.75,true,1,4,eligible
prm-8dfa8dc3890bcfef,problem-27304254dfee5d97,-1,harmful,harmful,-1 x harmful,middle,22,741,0,0,0.0,0.0,0.0,0,0,,0.0,-51.5,1.0,false,1,4,eligible
prm-e340bad68ddf9e2d,problem-d1c9cde932510127,0,redundant,redundant,0 x redundant,late,24,449,4,4,1.0,1.0,0.0,0,0,0.0,,7,1.0,false,1,4,eligible
prm-f8d5e2b8c3ae4947,problem-32b099c0f5aec3b1,0,redundant,redundant,0 x redundant,late,26,648,4,4,1.0,1.0,0.0,0,0,0.0,,-21.5,1.0,false,1,4,eligible
prm-32cacde29c588ce5,problem-c05b2b3a40b24579,1,essential,redundant,1 x essential,late,11,968,4,4,1.0,1.0,0.0,0,0,0.0,,28,1.0,false,0,0,skipped
prm-78bd280e7dee8d22,problem-b366ba898e337926,1,redundant,essential,1 x redundant,middle,24,542,4,4,1.0,1.0,0.0,0,0,0.0,,29,1.0,false,1,4,eligible
prm-84b3c6777c806334,problem-63fb0c19be9bfc02,-1,harmful,essential,-1 x harmful,middle,37,476,0,2,0.0,0.5,0.5,0,2,,0.5,108.5,1.0,false,1,3,eligible
prm-0219e874907d9144,problem-4639686b328fdf30,0,essential,redundant,0 x essential,late,35,932,0,0,0.0,0.0,0.0,0,0,,0.0,-203.75,1.0,false,1,4,eligible
prm-090c92a536a6f7cf,problem-86dafa426d0346e1,0,redundant,redundant,0 x redundant,early,30,346,0,1,0.0,0.25,0.25,0,1,,0.25,32.75,1.0,false,1,2,eligible
prm-2ec389700747f531,problem-9377eb1958837bb7,0,redundant,redundant,0 x redundant,late,27,726,4,4,1.0,1.0,0.0,0,0,0.0,,7,1.0,false,1,4,eligible
prm-c95bf35f36e49166,problem-b4bdce0b7c998bd0,0,redundant,redundant,0 x redundant,late,25,923,4,4,1.0,1.0,0.0,0,0,0.0,,-0.75,1.0,false,1,4,eligible
prm-dba05e0cd479b592,problem-a761c38205b1ac25,-1,harmful,harmful,-1 x harmful,middle,43,680,0,2,0.0,0.5,0.5,0,2,,0.5,81,1.0,false,1,3,eligible
prm-de925ec448909016,problem-83233254b974f8d3,1,essential,essential,1 x essential,middle,29,826,0,1,0.0,0.25,0.25,0,1,,0.25,-1835,0.5,true,1,4,eligible
prm-4f0a1eb97f47668a,problem-bdd43ed050657861,1,redundant,redundant,1 x redundant,late,21,719,4,4,1.0,1.0,0.0,0,0,0.0,,-106.5,1.0,false,0,0,skipped
prm-c724e22efcbb6540,problem-4f1949500aa128e9,-1,harmful,harmful,-1 x harmful,early,71,357,0,0,0.0,0.0,0.0,0,0,,0.0,-492.5,1.0,false,1,2,eligible
prm-c1d4d174440821f2,problem-ab8474b5c891f6bb,0,essential,essential,0 x essential,late,51,909,2,0,0.5,0.0,-0.5,2,0,1.0,0.0,106.75,1.0,false,1,4,eligible
prm-43a5c71b96bc6a02,problem-746eb37011dd5080,-1,harmful,redundant,-1 x harmful,middle,19,712,1,1,0.25,0.25,0.0,1,1,1.0,0.333333,562,0.875,true,1,4,eligible
prm-359b37145eea0ad1,problem-c09864a50ddd773b,1,redundant,redundant,1 x redundant,middle,36,537,4,4,1.0,1.0,0.0,0,0,0.0,,-103.75,1.0,false,1,4,eligible
prm-b22345a73912d695,problem-4aec4eb79c20b809,1,essential,redundant,1 x essential,middle,25,462,4,4,1.0,1.0,0.0,0,0,0.0,,-39,1.0,false,1,1,eligible
prm-70a2e3a4f8362a3d,problem-e76531f9dd293670,1,harmful,essential,1 x harmful,middle,33,607,4,4,1.0,1.0,0.0,0,0,0.0,,14,1.0,false,1,2,eligible
prm-a7ee94dec2e0a9cc,problem-594ea12e92fffd95,-1,harmful,harmful,-1 x harmful,late,51,977,4,4,1.0,1.0,0.0,0,0,0.0,,-34.5,1.0,false,1,4,eligible
prm-62cd37cf091fe105,problem-3367017f1ecb3df4,1,redundant,essential,1 x redundant,early,28,332,3,4,0.75,1.0,0.25,0,1,0.0,1.0,13,1.0,false,1,4,eligible
prm-27d0dda20005b851,problem-3367017f1ecb3df4,-1,harmful,essential,-1 x harmful,late,31,552,4,4,1.0,1.0,0.0,0,0,0.0,,9.5,1.0,false,1,4,eligible
prm-d7cd2fc406477b13,problem-4639686b328fdf30,0,essential,redundant,0 x essential,middle,26,827,1,0,0.25,0.0,-0.25,1,0,1.0,0.0,115.75,1.0,false,1,4,eligible
prm-b5f8d24593f1e708,problem-ca9cbef015dfaab2,0,redundant,redundant,0 x redundant,late,29,666,4,4,1.0,1.0,0.0,0,0,0.0,,-46,1.0,false,1,4,eligible
prm-d3fcbd13ec57a842,problem-7f472ed5afd0fbc0,1,redundant,redundant,1 x redundant,middle,20,403,4,4,1.0,1.0,0.0,0,0,0.0,,-3,1.0,false,1,4,eligible
prm-b8e3cc348f791b5a,problem-2ca7e059eeb0b7dd,-1,harmful,harmful,-1 x harmful,late,25,481,4,4,1.0,1.0,0.0,0,0,0.0,,11,1.0,false,1,4,eligible
prm-5c51e282ba7208e7,problem-a4a92af384d88e0b,0,harmful,harmful,0 x harmful,middle,26,464,4,4,1.0,1.0,0.0,0,0,0.0,,-24.75,1.0,false,1,4,eligible
prm-f65a99197bf57f66,problem-4f1949500aa128e9,-1,harmful,harmful,-1 x harmful,middle,46,796,0,0,0.0,0.0,0.0,0,0,,0.0,721.5,1.0,false,1,4,eligible
prm-1e1ebbda6644be84,problem-4ee4220e8bc8cdab,1,redundant,essential,1 x redundant,late,12,452,3,4,0.75,1.0,0.25,0,1,0.0,1.0,-55,1.0,false,0,0,skipped
prm-8d743a4306b744df,problem-4639686b328fdf30,0,redundant,essential,0 x redundant,late,34,967,0,0,0.0,0.0,0.0,0,0,,0.0,201.5,1.0,false,1,4,eligible
prm-939dcfcb80f17717,problem-310d3a0451c5bb4a,1,redundant,redundant,1 x redundant,late,16,444,4,4,1.0,1.0,0.0,0,0,0.0,,34,1.0,false,0,0,skipped
prm-eadb47af80561526,problem-42517366b010dd6b,-1,harmful,harmful,-1 x harmful,late,65,697,2,0,0.5,0.0,-0.5,2,0,1.0,0.0,-107,1.0,false,0,0,skipped
prm-d7fbf32a29279602,problem-e85714844acfd069,-1,harmful,harmful,-1 x harmful,middle,38,769,0,0,0.0,0.0,0.0,0,0,,0.0,-72.5,1.0,false,1,2,eligible
prm-60c1493204964b2e,problem-d4e914d360a34942,0,redundant,redundant,0 x redundant,early,8,422,0,0,0.0,0.0,0.0,0,0,,0.0,171,1.0,false,0,0,skipped
prm-6b1c6a29b6d1c9f7,problem-0887851f3251fb23,0,harmful,harmful,0 x harmful,early,15,367,3,4,0.75,1.0,0.25,0,1,0.0,1.0,9.75,1.0,false,1,1,eligible
prm-378914f040c48223,problem-ab8474b5c891f6bb,0,redundant,redundant,0 x redundant,late,62,960,0,3,0.0,0.75,0.75,0,3,,0.75,6.5,1.0,false,1,2,eligible
prm-9c5520ebe88a1852,problem-eb20fcfbc7fe587d,0,redundant,redundant,0 x redundant,early,50,308,0,0,0.0,0.0,0.0,0,0,,0.0,-82,1.0,false,0,0,skipped
prm-1d89b199249c7358,problem-4f1949500aa128e9,-1,harmful,harmful,-1 x harmful,late,73,936,0,0,0.0,0.0,0.0,0,0,,0.0,135.25,1.0,false,1,3,eligible
prm-0d673acec3561559,problem-dbd323191fa41977,-1,harmful,harmful,-1 x harmful,middle,30,509,1,2,0.25,0.5,0.25,1,2,1.0,0.666667,9,1.0,false,1,4,eligible
prm-82a7dbd4bea9c49f,problem-d43b5b59260aea9d,-1,harmful,essential,-1 x harmful,late,16,670,0,0,0.0,0.0,0.0,0,0,,0.0,17.75,1.0,false,0,0,skipped
prm-677329b0cf4a5ef0,problem-bf1b475d2d82a865,-1,harmful,harmful,-1 x harmful,late,25,533,0,0,0.0,0.0,0.0,0,0,,0.0,-120.5,0.875,true,1,3,eligible
prm-6a11cd36a6d48aac,problem-983cb8f8902a7887,0,harmful,essential,0 x harmful,middle,29,638,4,1,1.0,0.25,-0.75,3,0,0.75,,50.75,1.0,false,1,4,eligible
prm-b4b221e907450223,problem-9762de06228ca9c9,0,redundant,redundant,0 x redundant,late,24,678,4,4,1.0,1.0,0.0,0,0,0.0,,-62,1.0,false,1,1,eligible
prm-ae250ba55293ea93,problem-a89fbb80da4fb265,1,essential,redundant,1 x essential,early,41,452,2,4,0.5,1.0,0.5,0,2,0.0,1.0,-867.5,0.75,true,1,3,eligible
prm-e8138a79d9f11b5f,problem-34876d45164544f1,1,redundant,essential,1 x redundant,late,57,612,4,4,1.0,1.0,0.0,0,0,0.0,,47.25,1.0,false,1,4,eligible
prm-a795bb4c871ed999,problem-86dafa426d0346e1,-1,harmful,harmful,-1 x harmful,middle,50,600,0,3,0.0,0.75,0.75,0,3,,0.75,-19,1.0,false,1,4,eligible
prm-afb60f3ac0dd9a0b,problem-c09864a50ddd773b,0,harmful,harmful,0 x harmful,middle,41,592,4,4,1.0,1.0,0.0,0,0,0.0,,-31.75,1.0,false,1,4,eligible
prm-ce91b518cab83f12,problem-02e1cce4311336f4,-1,harmful,harmful,-1 x harmful,early,64,451,1,0,0.25,0.0,-0.25,1,0,1.0,0.0,308,0.875,true,1,1,eligible
prm-c3e6885bc7f884e7,problem-1ebb7bb0cc81425a,1,redundant,essential,1 x redundant,late,21,462,4,4,1.0,1.0,0.0,0,0,0.0,,-57,1.0,false,0,0,skipped
prm-8d8817bd48cf495e,problem-c654650535c8d5df,-1,harmful,essential,-1 x harmful,late,66,465,0,4,0.0,1.0,1.0,0,4,,1.0,20.25,1.0,false,1,1,eligible
prm-e319831ecda4ad73,problem-4ee4220e8bc8cdab,-1,harmful,harmful,-1 x harmful,late,24,536,4,4,1.0,1.0,0.0,0,0,0.0,,105.25,1.0,false,1,4,eligible
prm-8be5e8ce53ce132a,problem-4639686b328fdf30,0,redundant,redundant,0 x redundant,late,37,1073,0,1,0.0,0.25,0.25,0,1,,0.25,-504.25,0.75,true,1,4,eligible
prm-5699f280aa96d018,problem-f604ddc238c9c584,1,essential,essential,1 x essential,early,23,468,4,2,1.0,0.5,-0.5,2,0,0.5,,8.5,1.0,false,1,4,eligible
prm-015f040f29e2b298,problem-d308b5bba1d4e738,0,essential,redundant,0 x essential,early,36,372,4,0,1.0,0.0,-1.0,4,0,1.0,,-167.25,1.0,false,1,4,eligible
prm-a136374e0913b303,problem-edc76d80b3d26c0a,1,redundant,redundant,1 x redundant,late,25,857,4,4,1.0,1.0,0.0,0,0,0.0,,29.5,1.0,false,1,4,eligible
prm-2e1055ac659ff29f,problem-b18bba5824f91f21,0,redundant,harmful,0 x redundant,middle,23,486,4,4,1.0,1.0,0.0,0,0,0.0,,45.75,1.0,false,1,1,eligible
prm-36e206fe8afae4f8,problem-b85cd3a0d61d8d2a,0,redundant,redundant,0 x redundant,late,26,553,4,4,1.0,1.0,0.0,0,0,0.0,,-0.5,1.0,false,1,4,eligible
prm-64b8dd81d152bc1a,problem-2757934eba881767,-1,harmful,essential,-1 x harmful,late,80,783,0,0,0.0,0.0,0.0,0,0,,0.0,-85,0.5,true,1,1,eligible
prm-1d5a5cb08ca68e3d,problem-d3e9908503944910,-1,harmful,harmful,-1 x harmful,middle,29,533,0,3,0.0,0.75,0.75,0,3,,0.75,-2.25,1.0,false,1,4,eligible
prm-151724cd1bbe2b32,problem-63fb0c19be9bfc02,1,essential,essential,1 x essential,middle,38,390,4,4,1.0,1.0,0.0,0,0,0.0,,70.25,1.0,false,1,1,eligible
prm-4eb77ebc633f7a2d,problem-d9f531b9527df401,1,redundant,redundant,1 x redundant,late,10,525,4,4,1.0,1.0,0.0,0,0,0.0,,-11.5,1.0,false,0,0,skipped
prm-58392d69449f6f68,problem-a8c4001358470f25,-1,harmful,harmful,-1 x harmful,middle,41,562,0,0,0.0,0.0,0.0,0,0,,0.0,50.75,1.0,false,1,1,eligible
prm-e5a3f23bd55fe87a,problem-96c5e6371e5bca20,-1,harmful,harmful,-1 x harmful,middle,40,648,0,0,0.0,0.0,0.0,0,0,,0.0,-337.25,1.0,false,1,4,eligible
prm-67027b02bd4348a7,problem-eed9594538d18b57,1,essential,essential,1 x essential,middle,76,447,0,0,0.0,0.0,0.0,0,0,,0.0,-89.25,0.875,true,1,2,eligible
prm-901a3aa77c6c4dc2,problem-d7d47865fbb51ce6,1,harmful,redundant,1 x harmful,middle,31,660,0,4,0.0,1.0,1.0,0,4,,1.0,-1347.5,0.625,true,1,4,eligible
prm-bda20d3dc84e4528,problem-2ca7e059eeb0b7dd,0,redundant,redundant,0 x redundant,early,14,276,4,4,1.0,1.0,0.0,0,0,0.0,,24,1.0,false,1,4,eligible
prm-6f55f9ad3924eda5,problem-6c70163ce817add4,0,redundant,redundant,0 x redundant,late,30,656,4,4,1.0,1.0,0.0,0,0,0.0,,-14.5,1.0,false,1,4,eligible
prm-a32a5104eb5cd351,problem-e1530f57dea8f8c8,-1,harmful,harmful,-1 x harmful,late,41,697,0,4,0.0,1.0,1.0,0,4,,1.0,-60.25,1.0,false,1,4,eligible
prm-3f6d462098747631,problem-88bd1d429ff4da88,-1,harmful,harmful,-1 x harmful,middle,126,456,0,0,0.0,0.0,0.0,0,0,,0.0,34,1.0,false,1,1,eligible
prm-335e21a88e0969e0,problem-b366ba898e337926,0,redundant,redundant,0 x redundant,early,15,272,4,0,1.0,0.0,-1.0,4,0,1.0,,-77.5,1.0,false,1,3,eligible
prm-1984cb49b132bdb6,problem-86429feba2dedf48,0,harmful,redundant,0 x harmful,middle,40,763,2,4,0.5,1.0,0.5,0,2,0.0,1.0,16.75,1.0,false,1,4,eligible
prm-6340032015881710,problem-ad5b14b23ed9a9ea,0,redundant,redundant,0 x redundant,middle,25,464,4,4,1.0,1.0,0.0,0,0,0.0,,-79.25,1.0,false,1,2,eligible
prm-7ca8bf8fc95e2b20,problem-7b5a516cad6a7a6d,-1,harmful,harmful,-1 x harmful,middle,58,718,0,0,0.0,0.0,0.0,0,0,,0.0,-62.25,0.125,true,1,4,eligible
prm-ff4d90cf78aa30d8,problem-93d733b48692eae6,1,redundant,essential,1 x redundant,middle,21,409,4,4,1.0,1.0,0.0,0,0,0.0,,-31,1.0,false,1,4,eligible
prm-b51dfeb3b8305067,problem-fdc8aba1c1ade2de,1,essential,essential,1 x essential,early,65,606,0,0,0.0,0.0,0.0,0,0,,0.0,40,0.0,true,1,4,eligible
prm-a6f6b01911605940,problem-e0cb6d0fac527a83,-1,harmful,harmful,-1 x harmful,early,55,424,0,3,0.0,0.75,0.75,0,3,,0.75,82,1.0,false,1,1,eligible
prm-21878507d8f59c4d,problem-ded0ffd3643d0130,1,redundant,essential,1 x redundant,late,23,676,4,4,1.0,1.0,0.0,0,0,0.0,,3.5,1.0,false,1,3,eligible
prm-cb3eed5635ac46b4,problem-de0c58f09875d127,0,harmful,redundant,0 x harmful,early,18,282,4,4,1.0,1.0,0.0,0,0,0.0,,27.25,1.0,false,1,4,eligible
prm-4ed42d1c12397218,problem-db31d840f82d7f2e,-1,harmful,harmful,-1 x harmful,middle,23,654,0,0,0.0,0.0,0.0,0,0,,0.0,1655.25,0.5,true,1,2,eligible
prm-80def83e2346512b,problem-3b7adb5c0f931e75,-1,harmful,harmful,-1 x harmful,middle,37,518,4,0,1.0,0.0,-1.0,4,0,1.0,,-19.25,1.0,false,1,2,eligible
prm-52cd0d7cc6b4cdfc,problem-0d469d0ece1c8db4,1,essential,redundant,1 x essential,early,21,320,4,4,1.0,1.0,0.0,0,0,0.0,,-62,1.0,false,1,3,eligible
prm-836cfecb0a834014,problem-0410748c1e76e3d4,-1,harmful,harmful,-1 x harmful,middle,35,420,0,3,0.0,0.75,0.75,0,3,,0.75,-111.75,1.0,false,1,3,eligible
prm-e164a92c13c4f1d6,problem-1ebb7bb0cc81425a,0,essential,redundant,0 x essential,early,23,312,4,4,1.0,1.0,0.0,0,0,0.0,,10,1.0,false,0,0,skipped
prm-fea1ec494dc61cd4,problem-5b1d584cfe23d7df,1,harmful,essential,1 x harmful,early,44,521,3,2,0.75,0.5,-0.25,1,0,0.333333,0.0,482.5,1.0,false,1,4,eligible
prm-f3b8d8282dd5fc21,problem-b248cb4aff92956c,0,redundant,redundant,0 x redundant,early,7,332,0,0,0.0,0.0,0.0,0,0,,0.0,-19.75,0.75,true,1,1,eligible
prm-a50457954dbd885f,problem-b4c65e92228af5bd,1,redundant,redundant,1 x redundant,middle,30,519,4,4,1.0,1.0,0.0,0,0,0.0,,91,1.0,false,1,4,eligible
prm-d7691ac94c48e3a4,problem-4b5b19174e5d447f,1,essential,essential,1 x essential,middle,28,394,4,4,1.0,1.0,0.0,0,0,0.0,,41.5,1.0,false,1,1,eligible
prm-9eb976f5fba8a1ea,problem-88bd1d429ff4da88,-1,harmful,harmful,-1 x harmful,early,27,505,0,0,0.0,0.0,0.0,0,0,,0.0,98.5,1.0,false,1,1,eligible
prm-15473e963522ff7f,problem-5b1d584cfe23d7df,1,essential,essential,1 x essential,early,60,368,0,0,0.0,0.0,0.0,0,0,,0.0,510.5,1.0,false,1,4,eligible
prm-554fe1d6b58f094f,problem-de2d1c474b9ee450,0,harmful,harmful,0 x harmful,late,32,671,4,4,1.0,1.0,0.0,0,0,0.0,,-5.25,1.0,false,1,4,eligible
prm-36b1999ceae59aea,problem-210778075950cc2d,1,essential,essential,1 x essential,middle,31,400,4,4,1.0,1.0,0.0,0,0,0.0,,-59.25,1.0,false,1,4,eligible
prm-52ebf116b73ecf1a,problem-5bc561169baa97f9,-1,harmful,harmful,-1 x harmful,early,27,329,0,0,0.0,0.0,0.0,0,0,,0.0,-776.5,0.5,true,1,1,eligible
prm-dfdb549c682c7822,problem-44174d8b3df5f07b,-1,harmful,harmful,-1 x harmful,early,32,307,0,4,0.0,1.0,1.0,0,4,,1.0,104.5,1.0,false,1,1,eligible
prm-4376ee5dd1ec051f,problem-e560d5cf6d3fecc5,0,redundant,redundant,0 x redundant,early,60,334,4,2,1.0,0.5,-0.5,2,0,0.5,,1007.25,0.75,true,1,1,eligible
prm-5b638cc553a8f6cc,problem-70cf8bf9114223fc,0,essential,essential,0 x essential,late,25,710,4,4,1.0,1.0,0.0,0,0,0.0,,-19.5,1.0,false,1,4,eligible
prm-a89889ad37cbc7e2,problem-3e3197b5f708b626,-1,harmful,harmful,-1 x harmful,late,40,576,4,4,1.0,1.0,0.0,0,0,0.0,,-12.5,1.0,false,1,2,eligible
prm-a4aa6a22f3134565,problem-a8c4001358470f25,0,redundant,redundant,0 x redundant,late,31,935,4,4,1.0,1.0,0.0,0,0,0.0,,-90.5,1.0,false,1,4,eligible
prm-cd2eef413f1492b7,problem-83864f8749594ce4,1,essential,essential,1 x essential,middle,27,335,4,3,1.0,0.75,-0.25,1,0,0.25,,71,1.0,false,1,2,eligible
prm-e57bd8bedd80b00d,problem-377a092aa19d9ef0,-1,harmful,harmful,-1 x harmful,early,63,368,3,1,0.75,0.25,-0.5,2,0,0.666667,0.0,47.25,0.625,true,1,1,eligible
prm-932de7bca0e7c93d,problem-42517366b010dd6b,0,redundant,essential,0 x redundant,early,30,460,4,3,1.0,0.75,-0.25,1,0,0.25,,-56.25,1.0,false,1,4,eligible
prm-da7d81c2f0986b42,problem-a03b6b4ae366f630,-1,harmful,harmful,-1 x harmful,late,141,460,0,4,0.0,1.0,1.0,0,4,,1.0,61,1.0,false,0,0,skipped
prm-297fe2bd5193998f,problem-89ee4e5ddd25b8e0,0,redundant,redundant,0 x redundant,early,29,300,0,0,0.0,0.0,0.0,0,0,,0.0,22.25,1.0,false,1,2,eligible
prm-d10dadbf854a3250,problem-072eba222d902630,-1,harmful,harmful,-1 x harmful,late,57,821,0,4,0.0,1.0,1.0,0,4,,1.0,-13,1.0,false,1,4,eligible
prm-cea36bdf052fa8d6,problem-9377eb1958837bb7,-1,harmful,harmful,-1 x harmful,early,28,420,0,0,0.0,0.0,0.0,0,0,,0.0,-28,1.0,false,1,3,eligible
prm-f7aa110cdcd4de1b,problem-a89fbb80da4fb265,-1,harmful,harmful,-1 x harmful,middle,39,561,4,3,1.0,0.75,-0.25,1,0,0.25,,501.5,0.875,true,1,2,eligible
prm-200cc16bd7b20d90,problem-c16492850cbf8813,1,redundant,redundant,1 x redundant,early,32,398,4,4,1.0,1.0,0.0,0,0,0.0,,-1.25,1.0,false,1,4,eligible
prm-372a06491c3ab4c3,problem-73440cb70194642f,1,essential,essential,1 x essential,late,55,607,4,4,1.0,1.0,0.0,0,0,0.0,,1.5,1.0,false,1,2,eligible
prm-7c8b800f666a8d2b,problem-6c3d09ab3690acaa,0,redundant,redundant,0 x redundant,late,22,511,4,4,1.0,1.0,0.0,0,0,0.0,,24.5,1.0,false,1,3,eligible
prm-ad9e7fa994103189,problem-22b1b3e31b49a035,0,redundant,redundant,0 x redundant,middle,35,387,0,4,0.0,1.0,1.0,0,4,,1.0,150.25,1.0,false,1,3,eligible
prm-39b8f0d9babefef6,problem-69fc365bc2fe7c07,0,redundant,redundant,0 x redundant,early,15,403,2,0,0.5,0.0,-0.5,2,0,1.0,0.0,-26,1.0,false,0,0,skipped
prm-a8f0f0d569ae9708,problem-eee898cfa2cd6785,-1,harmful,harmful,-1 x harmful,late,49,679,0,4,0.0,1.0,1.0,0,4,,1.0,31.25,1.0,false,1,2,eligible
prm-17fa230838c04542,problem-2f7c46ab9eda1c84,-1,redundant,harmful,-1 x redundant,early,20,355,4,0,1.0,0.0,-1.0,4,0,1.0,,180.25,1.0,false,1,4,eligible
prm-79304f2f93ee36e7,problem-90a95247aec2a715,-1,essential,essential,-1 x essential,late,43,897,3,3,0.75,0.75,0.0,1,1,0.333333,1.0,468.75,0.875,true,1,4,eligible
prm-f209abf6bbcf46bb,problem-a89fbb80da4fb265,-1,harmful,essential,-1 x harmful,late,49,653,0,0,0.0,0.0,0.0,0,0,,0.0,1361.5,0.625,true,1,4,eligible
prm-5f58d3f9cdbdd4cd,problem-7317c41e6c58289b,1,redundant,essential,1 x redundant,middle,44,663,4,4,1.0,1.0,0.0,0,0,0.0,,39,1.0,false,1,4,eligible
prm-23e70faea1873d2b,problem-4928f50ac88f7a16,-1,harmful,redundant,-1 x harmful,late,21,540,4,4,1.0,1.0,0.0,0,0,0.0,,-66.5,0.5,true,0,0,skipped
prm-1aa633a0cb723ff0,problem-2aeafb5e569f94dd,0,redundant,redundant,0 x redundant,early,12,390,0,0,0.0,0.0,0.0,0,0,,0.0,-40,1.0,false,0,0,skipped
prm-d8dd25afa49d220a,problem-0f74f3328993b34b,1,redundant,redundant,1 x redundant,early,35,426,4,3,1.0,0.75,-0.25,1,0,0.25,,-125.75,1.0,false,1,4,eligible
prm-b8a1339e40d14487,problem-92992c0e162b3d6d,0,harmful,harmful,0 x harmful,middle,35,505,0,3,0.0,0.75,0.75,0,3,,0.75,501,0.875,true,1,4,eligible
prm-bdb3ede8ec7d1902,problem-ca9cbef015dfaab2,0,redundant,redundant,0 x redundant,middle,17,549,0,4,0.0,1.0,1.0,0,4,,1.0,-43.25,1.0,false,1,2,eligible
prm-ac1b5da6715754b0,problem-68c9e3705000687e,-1,harmful,harmful,-1 x harmful,early,25,476,0,0,0.0,0.0,0.0,0,0,,0.0,806.25,0.875,true,1,4,eligible
prm-f15246b50fdc7a05,problem-e6376885ffd20df9,-1,harmful,harmful,-1 x harmful,early,25,351,0,0,0.0,0.0,0.0,0,0,,0.0,45,0.875,true,1,2,eligible
prm-f3ade9b68838159b,problem-cb95bc64c75cf167,1,harmful,harmful,1 x harmful,early,44,460,4,4,1.0,1.0,0.0,0,0,0.0,,50.75,1.0,false,1,4,eligible
prm-ea9c90dcf0197292,problem-7b5a516cad6a7a6d,0,redundant,redundant,0 x redundant,middle,24,547,0,0,0.0,0.0,0.0,0,0,,0.0,57.25,0.125,true,1,3,eligible
prm-81d72916fff41df2,problem-5acc6365946cc933,0,redundant,harmful,0 x redundant,early,10,284,4,4,1.0,1.0,0.0,0,0,0.0,,-6,1.0,false,1,3,eligible
prm-30611e95e1fdab2f,problem-26def20db88cf572,1,redundant,redundant,1 x redundant,early,24,379,4,4,1.0,1.0,0.0,0,0,0.0,,-136.5,1.0,false,1,4,eligible
prm-5b41ee9b9b0d17ba,problem-88661c5037ee41b4,0,essential,redundant,0 x essential,early,25,449,0,4,0.0,1.0,1.0,0,4,,1.0,-1884,0.5,true,1,4,eligible
prm-8b98fbc7066216ce,problem-c6f83b0877a24b7b,-1,essential,redundant,-1 x essential,early,24,315,4,4,1.0,1.0,0.0,0,0,0.0,,12,1.0,false,0,0,skipped
prm-933bbb6ef939eb1f,problem-f5538ac4bbbed1cd,-1,harmful,harmful,-1 x harmful,early,33,463,3,0,0.75,0.0,-0.75,3,0,1.0,0.0,-66.5,1.0,false,1,4,eligible
prm-0b28d0082685012b,problem-234b319021dcf2a6,0,redundant,redundant,0 x redundant,early,22,353,0,0,0.0,0.0,0.0,0,0,,0.0,1684.5,0.25,true,1,4,eligible
prm-9cdea0642dfb0680,problem-116237dfe3dbfe5a,0,harmful,redundant,0 x harmful,middle,41,606,4,4,1.0,1.0,0.0,0,0,0.0,,-50,1.0,false,1,4,eligible
prm-a1de62b9ef1cf246,problem-d699cb734c33a748,0,essential,essential,0 x essential,early,26,326,4,0,1.0,0.0,-1.0,4,0,1.0,,17,1.0,false,1,2,eligible
prm-925200af07947f5c,problem-0809a483e113340d,0,redundant,essential,0 x redundant,middle,44,510,2,0,0.5,0.0,-0.5,2,0,1.0,0.0,-238.75,1.0,false,1,3,eligible
prm-bbc52970464fbf13,problem-a03b6b4ae366f630,0,essential,essential,0 x essential,middle,95,504,4,4,1.0,1.0,0.0,0,0,0.0,,178.25,1.0,false,1,3,eligible
prm-0ff002313a594db0,problem-fc0a8c355d6080a0,0,redundant,redundant,0 x redundant,early,24,342,0,4,0.0,1.0,1.0,0,4,,1.0,54.75,1.0,false,1,4,eligible
prm-cfef1e0669eb8eee,problem-ab7e10c4af73c9ed,1,essential,essential,1 x essential,early,33,351,0,3,0.0,0.75,0.75,0,3,,0.75,40.5,1.0,false,1,4,eligible
prm-809326ad29e9fe7f,problem-92568e30e12f074a,0,harmful,harmful,0 x harmful,middle,26,387,4,4,1.0,1.0,0.0,0,0,0.0,,-1.5,1.0,false,1,3,eligible
prm-542b09ca81c2a59d,problem-116237dfe3dbfe5a,1,harmful,redundant,1 x harmful,middle,29,472,4,0,1.0,0.0,-1.0,4,0,1.0,,-436.5,1.0,false,1,4,eligible
prm-f20b3a116ae0c86a,problem-20855ff8e775267f,0,essential,essential,0 x essential,late,44,669,2,2,0.5,0.5,0.0,0,0,0.0,0.0,21.5,1.0,false,1,2,eligible
prm-ce7da7c55243f250,problem-68c9e3705000687e,-1,harmful,harmful,-1 x harmful,early,101,476,1,0,0.25,0.0,-0.25,1,0,1.0,0.0,-514.5,1.0,false,1,2,eligible
prm-a8a8bda6701d4be2,problem-a66962fe3ac65ca5,0,harmful,harmful,0 x harmful,middle,54,545,4,3,1.0,0.75,-0.25,1,0,0.25,,-28.5,1.0,false,1,1,eligible
prm-b1821859ea0c9d57,problem-210778075950cc2d,1,redundant,redundant,1 x redundant,middle,20,428,4,4,1.0,1.0,0.0,0,0,0.0,,30.25,1.0,false,1,4,eligible
prm-7e6bdad2d7a80ef9,problem-fa8130795d8510ae,-1,harmful,harmful,-1 x harmful,middle,43,719,4,4,1.0,1.0,0.0,0,0,0.0,,-66.25,1.0,false,1,4,eligible
prm-d2f74008879c56dd,problem-de0c58f09875d127,0,redundant,essential,0 x redundant,middle,40,421,3,2,0.75,0.5,-0.25,2,1,0.666667,1.0,0.25,1.0,false,1,2,eligible
prm-1f8e288adb17d18c,problem-45e5f7656e796fc9,-1,harmful,harmful,-1 x harmful,middle,83,499,4,3,1.0,0.75,-0.25,1,0,0.25,,154,1.0,false,0,0,skipped
prm-cc448d173bf0a3b0,problem-59930f06199891a2,1,redundant,redundant,1 x redundant,early,29,416,0,3,0.0,0.75,0.75,0,3,,0.75,-36.25,1.0,false,1,4,eligible
prm-f928a55daeb136c0,problem-3b7adb5c0f931e75,1,harmful,harmful,1 x harmful,early,31,427,0,0,0.0,0.0,0.0,0,0,,0.0,49.25,1.0,false,1,3,eligible
prm-4e153a707e488ac9,problem-f612b9efc2716ec8,0,harmful,harmful,0 x harmful,middle,47,656,4,0,1.0,0.0,-1.0,4,0,1.0,,-374,1.0,false,1,4,eligible
prm-0914b22e28651211,problem-bdd65b73583a5484,0,redundant,redundant,0 x redundant,early,40,304,4,0,1.0,0.0,-1.0,4,0,1.0,,-83.5,1.0,false,1,4,eligible
prm-a33bd2bed39c0904,problem-afe7eeff1cb11ff9,1,redundant,redundant,1 x redundant,early,31,339,4,4,1.0,1.0,0.0,0,0,0.0,,-10.75,1.0,false,1,4,eligible
prm-9689f5a49ddfdb3e,problem-4d7f93151214ef76,0,essential,essential,0 x essential,late,63,582,4,1,1.0,0.25,-0.75,3,0,0.75,,-102.75,1.0,false,1,1,eligible
prm-95090e247bc58e1e,problem-3d1f09ed5cfd53dc,-1,harmful,harmful,-1 x harmful,middle,49,447,4,4,1.0,1.0,0.0,0,0,0.0,,-94,1.0,false,1,1,eligible
prm-d96f1fc3f096f50e,problem-08306232ef9ba7aa,0,essential,redundant,0 x essential,early,19,292,2,4,0.5,1.0,0.5,0,2,0.0,1.0,74.25,1.0,false,1,1,eligible
prm-ee33bfc442fd8af0,problem-29b2b39dd7862f9d,1,redundant,essential,1 x redundant,late,18,519,4,3,1.0,0.75,-0.25,1,0,0.25,,-12.5,1.0,false,1,1,eligible
prm-7b57deaaa0d16f28,problem-d3161eafd1210d42,-1,harmful,harmful,-1 x harmful,early,44,467,0,0,0.0,0.0,0.0,0,0,,0.0,853.5,0.0,true,1,4,eligible
prm-cb4a5cbf9bb5b458,problem-42517366b010dd6b,1,essential,essential,1 x essential,early,24,391,2,0,0.5,0.0,-0.5,2,0,1.0,0.0,29,1.0,false,1,4,eligible
prm-4657ae2feebcdcab,problem-e0cb6d0fac527a83,-1,harmful,harmful,-1 x harmful,middle,43,462,0,4,0.0,1.0,1.0,0,4,,1.0,-325.5,1.0,false,1,1,eligible
prm-7fa27f0af15756ce,problem-6195174aabf201f9,1,essential,essential,1 x essential,middle,71,369,3,4,0.75,1.0,0.25,0,1,0.0,1.0,84.5,1.0,false,1,1,eligible
prm-b51944c22596b644,problem-9855ca472cb26c0b,1,essential,essential,1 x essential,late,35,500,0,0,0.0,0.0,0.0,0,0,,0.0,-113.25,1.0,false,1,4,eligible
prm-b10138ab1454a3dc,problem-de0c58f09875d127,1,redundant,redundant,1 x redundant,middle,56,435,0,2,0.0,0.5,0.5,0,2,,0.5,-1846.75,0.5,true,1,1,eligible
prm-7df4ff373ff4bd62,problem-3bc30c4cda03ad05,1,essential,redundant,1 x essential,middle,27,464,4,0,1.0,0.0,-1.0,4,0,1.0,,1723,0.5,true,1,4,eligible
prm-abe53d5b468a1ebc,problem-2cd7714989b85d83,-1,harmful,harmful,-1 x harmful,late,12,713,4,4,1.0,1.0,0.0,0,0,0.0,,-22,1.0,false,0,0,skipped
prm-c796e9f10b13c8d1,problem-6fe518888bc76580,0,essential,essential,0 x essential,middle,41,932,4,4,1.0,1.0,0.0,0,0,0.0,,-112.75,1.0,false,1,1,eligible
prm-102acf97bfdd07f4,problem-ca9cbef015dfaab2,0,redundant,redundant,0 x redundant,late,29,637,4,4,1.0,1.0,0.0,0,0,0.0,,-10.5,1.0,false,1,4,eligible
prm-6fae419daf3fea6a,problem-3447eebbdcaa37f9,1,redundant,essential,1 x redundant,late,9,607,4,4,1.0,1.0,0.0,0,0,0.0,,-16.25,1.0,false,0,0,skipped
prm-04b463c60fdb3f38,problem-5acc6365946cc933,0,redundant,harmful,0 x redundant,late,34,534,4,4,1.0,1.0,0.0,0,0,0.0,,10.25,1.0,false,1,4,eligible
prm-cb956bad5ee66d16,problem-70cf8bf9114223fc,1,essential,essential,1 x essential,middle,19,505,4,4,1.0,1.0,0.0,0,0,0.0,,0,1.0,false,0,0,skipped
prm-a3120089f800f1e1,problem-57d488b1dac9c921,-1,harmful,harmful,-1 x harmful,middle,36,402,0,0,0.0,0.0,0.0,0,0,,0.0,124.75,1.0,false,1,1,eligible
prm-0b2c173096bce7b5,problem-70cf8bf9114223fc,1,essential,redundant,1 x essential,early,14,325,0,0,0.0,0.0,0.0,0,0,,0.0,1801,0.5,true,1,4,eligible
prm-ea5630c2b42fdb9a,problem-88f73baedbff623c,0,redundant,redundant,0 x redundant,early,11,352,4,4,1.0,1.0,0.0,0,0,0.0,,57.5,1.0,false,1,4,eligible
prm-a081faca165fd59b,problem-1ea3d389e0493b48,-1,harmful,harmful,-1 x harmful,early,35,430,0,0,0.0,0.0,0.0,0,0,,0.0,-24.5,1.0,false,1,4,eligible
prm-dd448bdba8557edf,problem-09bee343ecbddf16,-1,harmful,harmful,-1 x harmful,middle,39,479,0,4,0.0,1.0,1.0,0,4,,1.0,-61.5,1.0,false,1,4,eligible
prm-fa7b948140b07d8f,problem-90a95247aec2a715,-1,harmful,harmful,-1 x harmful,early,46,434,0,0,0.0,0.0,0.0,0,0,,0.0,0,0.0,true,1,4,eligible
prm-8eab1f56bd806ddc,problem-f75c04ea2e983a23,1,redundant,essential,1 x redundant,late,32,494,3,4,0.75,1.0,0.25,0,1,0.0,1.0,69.5,1.0,false,1,4,eligible
prm-68f28d955828cf44,problem-eb20fcfbc7fe587d,-1,harmful,harmful,-1 x harmful,middle,45,530,0,4,0.0,1.0,1.0,0,4,,1.0,16.75,1.0,false,1,4,eligible
prm-9719f2f944491556,problem-96c5e6371e5bca20,-1,harmful,harmful,-1 x harmful,early,61,373,0,0,0.0,0.0,0.0,0,0,,0.0,-904.75,0.75,true,0,0,skipped
prm-198f47bbf6394d9d,problem-a8c4001358470f25,1,harmful,harmful,1 x harmful,middle,18,460,0,0,0.0,0.0,0.0,0,0,,0.0,8.75,1.0,false,0,0,skipped
prm-dbc1373a79928aa0,problem-c0364fc64487e4ec,1,redundant,essential,1 x redundant,late,52,516,4,4,1.0,1.0,0.0,0,0,0.0,,39.5,1.0,false,1,1,eligible
prm-df2ec95ccf5f161f,problem-a325f288a314fe56,0,harmful,harmful,0 x harmful,middle,27,338,4,4,1.0,1.0,0.0,0,0,0.0,,-13,1.0,false,1,1,eligible
prm-a625e035a295d2bd,problem-cb95bc64c75cf167,0,essential,essential,0 x essential,early,33,320,2,4,0.5,1.0,0.5,0,2,0.0,1.0,25,1.0,false,1,4,eligible
prm-ddb44dca9b82bb3d,problem-70cf8bf9114223fc,1,essential,redundant,1 x essential,early,21,371,4,4,1.0,1.0,0.0,0,0,0.0,,-197.25,1.0,false,1,4,eligible
prm-f1c09b6fd89155cf,problem-310d3a0451c5bb4a,-1,harmful,harmful,-1 x harmful,late,42,593,2,4,0.5,1.0,0.5,0,2,0.0,1.0,-16.5,1.0,false,1,2,eligible
prm-7b6647a191e51a48,problem-86429feba2dedf48,0,redundant,redundant,0 x redundant,early,45,497,2,3,0.5,0.75,0.25,1,2,0.5,1.0,7.5,1.0,false,1,4,eligible
prm-feab03f43e4af912,problem-4639686b328fdf30,0,redundant,redundant,0 x redundant,late,36,1037,3,0,0.75,0.0,-0.75,3,0,1.0,0.0,-747.5,1.0,false,1,4,eligible
