row_type,step_id,rating,semantic_type,target_effect_pp,ci_low_pp,ci_high_pp,x_jitter
point,prm-c1da18d5eb32eafe,1,essential,0.000000,,,0.095480
point,prm-23439bf6a10e0389,1,redundant,0.000000,,,0.097900
point,prm-9a6f73708a6d6a9f,1,essential,-100.000000,,,0.063800
point,prm-7c4b728ac8b7ff8c,0,redundant,0.000000,,,-0.058740
point,prm-b4172ae8c86b6f76,0,redundant,75.000000,,,-0.008800
point,prm-a9976436ac395dce,0,essential,0.000000,,,0.052140
point,prm-57f3dc0fcc359327,-1,essential,0.000000,,,0.023320
point,prm-3e4ac009eae25363,-1,harmful,100.000000,,,-0.005280
point,prm-734c17ddd0cff62a,1,essential,0.000000,,,-0.005280
point,prm-0cbc0287aab226af,0,harmful,-50.000000,,,0.028820
point,prm-bfc1c5c3c815660c,-1,harmful,0.000000,,,-0.089760
point,prm-5464f1648525f7ea,1,essential,0.000000,,,0.062700
point,prm-7a2c9794408559fd,1,redundant,0.000000,,,0.023100
point,prm-526e2011568d24e6,1,essential,0.000000,,,-0.051260
point,prm-010e43e3a679e690,1,essential,0.000000,,,-0.073920
point,prm-8866ba0f5b250195,-1,harmful,0.000000,,,0.069740
point,prm-9c4e4a7aac1b200e,-1,harmful,75.000000,,,-0.078980
point,prm-75ab2c1847631c14,0,redundant,0.000000,,,-0.012320
point,prm-8b05d5d648e57f29,-1,harmful,0.000000,,,0.062040
point,prm-dc55f1d7dc4e178f,-1,harmful,100.000000,,,-0.025960
point,prm-0a02ab06b394a416,1,essential,-50.000000,,,0.084480
point,prm-dbc12362d53ec14f,1,redundant,0.000000,,,0.053680
point,prm-8bf0d8a37d2eb018,1,harmful,0.000000,,,-0.000660
point,prm-bedcbd8166cb0b0f,1,essential,0.000000,,,0.073260
point,prm-859d5c93d5ea0f57,0,harmful,100.000000,,,0.109780
point,prm-44f81fba1d026488,0,redundant,0.000000,,,0.052580
point,prm-0835351a60d3a191,1,essential,-50.000000,,,-0.020240
point,prm-87593f72c0253cec,1,essential,0.000000,,,0.089760
point,prm-6ecf2965f1e68c18,0,redundant,-75.000000,,,0.073040
point,prm-14e2f6c826426674,0,redundant,0.000000,,,-0.012540
point,prm-2d92ce0491f2f56a,1,essential,25.000000,,,0.061380
point,prm-666a954e3bca4a2f,1,essential,-75.000000,,,-0.108680
point,prm-6eb49d110f10f5c9,0,harmful,25.000000,,,-0.050600
point,prm-695b2bd8829139af,-1,harmful,0.000000,,,-0.009240
point,prm-14c0129055d497b2,1,essential,0.000000,,,-0.072600
point,prm-d987eb66b5f962dd,1,harmful,75.000000,,,0.042900
point,prm-372caf3f76fece1c,0,essential,0.000000,,,-0.100760
point,prm-9a884b78e7527ff9,-1,harmful,0.000000,,,0.086900
point,prm-236816577f8edaf6,1,essential,-75.000000,,,-0.050820
point,prm-9f3753744da09c38,-1,harmful,0.000000,,,0.001320
point,prm-f80db588fbe79fa9,1,harmful,0.000000,,,0.097020
point,prm-32b52a14659d1e3f,-1,redundant,0.000000,,,0.050160
point,prm-12c0e402310b4521,1,redundant,25.000000,,,-0.001540
point,prm-2c6c822e00040ba8,-1,harmful,0.000000,,,-0.061160
point,prm-6a6a0bdb19ba41d4,0,redundant,0.000000,,,0.062920
point,prm-e46e6f9adff3443b,1,essential,0.000000,,,0.035860
point,prm-60717bf0ef4716f2,0,redundant,50.000000,,,-0.088660
point,prm-d018213d57c7afde,1,redundant,25.000000,,,-0.017820
point,prm-4fe0f9ece87f57df,1,redundant,0.000000,,,0.072600
point,prm-26cc0e5d412214d1,1,essential,0.000000,,,0.055660
point,prm-14b4f8d6eb13ea00,1,redundant,0.000000,,,-0.006600
point,prm-23547b2809b8fcf4,-1,harmful,100.000000,,,-0.084480
point,prm-76b2b2177dea50be,1,essential,75.000000,,,0.042680
point,prm-aca8e5373e4b0749,1,essential,0.000000,,,-0.072820
point,prm-ee1dd46f28f6c0e7,-1,harmful,0.000000,,,-0.086240
point,prm-5145212ea7e026b0,-1,harmful,100.000000,,,-0.091300
point,prm-84a947c7d146af3f,0,essential,0.000000,,,-0.025960
point,prm-0e94635dc190f6f1,0,redundant,75.000000,,,-0.094600
point,prm-0638bc02d0338441,1,essential,0.000000,,,0.086020
point,prm-f6029ddde78e932f,1,harmful,-75.000000,,,0.051700
point,prm-6d0334ee1141425e,0,essential,0.000000,,,-0.098340
point,prm-f1ec503f118b2646,-1,harmful,100.000000,,,0.108020
point,prm-55db6c6b79c6e553,1,redundant,0.000000,,,0.058960
point,prm-e26a030a97cd7abe,1,redundant,50.000000,,,0.014960
point,prm-768b381d1efb643a,-1,harmful,0.000000,,,0.029480
point,prm-d9d73e3c7b609d81,0,redundant,0.000000,,,0.010340
point,prm-a540f461a25e3009,1,redundant,0.000000,,,-0.039820
point,prm-70a8ec8eb124a0b7,-1,harmful,25.000000,,,0.097460
point,prm-32376b54c0a0b41a,1,essential,0.000000,,,-0.064460
point,prm-decee9499f5fb0d7,-1,harmful,100.000000,,,-0.062040
point,prm-059a20c710a38a1d,0,redundant,0.000000,,,0.001540
point,prm-7b9dea52f656c0bc,1,essential,0.000000,,,0.104500
point,prm-ab761a525cce7441,1,essential,100.000000,,,-0.065780
point,prm-65c1f64f7a99498a,1,essential,0.000000,,,-0.081840
point,prm-8bd9e6649bc32eb5,1,essential,0.000000,,,0.026180
point,prm-85a7807d849d0e61,0,redundant,0.000000,,,-0.035640
point,prm-02ed1bb8af1a120d,1,redundant,0.000000,,,0.052140
point,prm-d4c3a3c1d1cb0d1f,-1,harmful,0.000000,,,-0.076340
point,prm-cb73032ead9c7309,0,harmful,0.000000,,,0.080740
point,prm-45906351f0903519,1,essential,0.000000,,,-0.069300
point,prm-00c77d8adaa4cb57,-1,harmful,0.000000,,,-0.095260
point,prm-eb13f69f057980c9,0,redundant,0.000000,,,0.058520
point,prm-77fc0b169d8585bc,-1,harmful,100.000000,,,-0.078760
point,prm-2595a51b9bc687a5,0,redundant,0.000000,,,-0.064240
point,prm-310884399c5179a6,-1,harmful,100.000000,,,0.099220
point,prm-98214e328bc84341,-1,harmful,100.000000,,,0.013640
point,prm-16428e60085cafa9,1,essential,0.000000,,,-0.073480
point,prm-ac91d34d7871bcbc,0,essential,-75.000000,,,-0.039160
point,prm-923c29c44fa03eb6,-1,essential,0.000000,,,0.103180
point,prm-a774fd18d4116fb7,0,redundant,0.000000,,,0.071060
point,prm-bc4cdb54673acb6b,0,redundant,0.000000,,,-0.016280
point,prm-911d5b9b5b289e39,-1,harmful,0.000000,,,-0.008140
point,prm-76efc721b39b6bd3,1,essential,0.000000,,,-0.088440
point,prm-f902409b4b69ac6a,1,essential,0.000000,,,-0.009460
point,prm-b78ab37efb3ac6fe,-1,harmful,0.000000,,,0.010340
point,prm-afff103ac71bacae,-1,harmful,100.000000,,,-0.075460
point,prm-94f01424485d8634,-1,harmful,0.000000,,,-0.032560
point,prm-74cbbc536681f443,0,redundant,50.000000,,,0.097680
point,prm-e4c8f952bd2bcb69,0,essential,0.000000,,,-0.002420
point,prm-b16889ee222c85e0,0,harmful,-25.000000,,,0.066660
point,prm-11c64fcd9adf9a8d,0,harmful,0.000000,,,0.047300
point,prm-2e89a40cec48c042,-1,harmful,100.000000,,,-0.043560
point,prm-d400c2ab50349260,-1,harmful,50.000000,,,-0.082500
point,prm-bf49cda9c1b58b99,-1,harmful,0.000000,,,-0.105160
point,prm-5c13d28d0d1e26be,0,redundant,0.000000,,,0.092400
point,prm-6a8171dd86016c13,1,redundant,0.000000,,,0.038500
point,prm-4397a2362fedc5a3,1,essential,0.000000,,,0.051700
point,prm-2f5e5f1e6dacb0f7,-1,harmful,100.000000,,,0.051480
point,prm-4b587d923463065a,-1,essential,0.000000,,,-0.034980
point,prm-a304fbad5368565d,-1,harmful,75.000000,,,-0.106920
point,prm-2d2be0a20e1f55eb,0,essential,0.000000,,,-0.087120
point,prm-b93ffe4952ee0425,-1,harmful,0.000000,,,0.051040
point,prm-71ed47ae96c446e4,0,redundant,0.000000,,,-0.003520
point,prm-1368cc3f0e85c6c9,1,redundant,0.000000,,,-0.058740
point,prm-de41ade60ddfc393,0,redundant,0.000000,,,-0.011000
point,prm-b35e05ba41e78a12,1,essential,0.000000,,,0.099220
point,prm-321715581e0e716b,0,harmful,-25.000000,,,-0.047740
point,prm-1a376cfa6cfa9af8,-1,harmful,0.000000,,,0.097680
point,prm-f5ad90a250e816d4,0,redundant,-50.000000,,,0.066220
point,prm-64bd046dccaa7a10,0,redundant,0.000000,,,0.065340
point,prm-dfc9bfdaf9a344b2,1,redundant,0.000000,,,0.073480
point,prm-170a156ef3602f11,-1,harmful,0.000000,,,-0.081620
point,prm-bd5151d40527ffa0,0,redundant,0.000000,,,0.006600
point,prm-55383ac51f763ea4,-1,redundant,0.000000,,,-0.036520
point,prm-8169dadf3bfeafa7,1,essential,0.000000,,,-0.024860
point,prm-d87fe43bca23d224,-1,harmful,0.000000,,,0.102960
point,prm-fe7cc1b1ef70d69f,0,redundant,-50.000000,,,0.075240
point,prm-bf052d7ceb54371a,-1,harmful,25.000000,,,-0.082720
point,prm-85d7c7d738bdc28f,0,redundant,0.000000,,,0.028160
point,prm-4e116a81462e9a1c,-1,harmful,100.000000,,,-0.057200
point,prm-f06f20e73957e088,1,essential,0.000000,,,0.039160
point,prm-f59567dc389816f6,-1,harmful,0.000000,,,-0.036080
point,prm-a7a5bc91e1e562b3,0,redundant,0.000000,,,0.064900
point,prm-c03abfd4982e0b4e,-1,harmful,100.000000,,,-0.038060
point,prm-9f8de872e85deb1c,1,essential,0.000000,,,0.027280
point,prm-39445cabc3c247f3,-1,harmful,0.000000,,,-0.066000
point,prm-08ffb439fa587578,1,essential,0.000000,,,-0.094600
point,prm-94b3b2909358d23e,1,redundant,0.000000,,,0.018480
point,prm-e4f8aa072f5528f6,1,redundant,100.000000,,,-0.075240
point,prm-b59d428fdeb2db81,1,essential,-25.000000,,,-0.033660
point,prm-69589edd55211e2d,1,redundant,0.000000,,,0.025300
point,prm-ca8fbd8bc5e76268,1,essential,0.000000,,,0.080960
point,prm-a0bf5d5817e64ebf,1,essential,0.000000,,,0.002860
point,prm-e742e4e78ed351e6,-1,essential,0.000000,,,0.055440
point,prm-2e47da03eaad232d,0,redundant,25.000000,,,-0.072600
point,prm-a1fd67bb0e47eb99,0,harmful,0.000000,,,-0.068420
point,prm-729feeaa6d7fd49e,1,essential,-100.000000,,,-0.004400
point,prm-4d106f224c1f1477,0,redundant,0.000000,,,-0.038940
point,prm-e2765e9155dae75b,1,essential,-50.000000,,,-0.032340
point,prm-85a91c7360442cec,-1,harmful,0.000000,,,-0.031460
point,prm-685fe7b1359fce4f,1,redundant,0.000000,,,-0.091080
point,prm-2694ff7bb4a98ca8,0,redundant,0.000000,,,0.040260
point,prm-8115590161527562,-1,harmful,0.000000,,,-0.006160
point,prm-21c4281b443f082f,1,harmful,-50.000000,,,0.066880
point,prm-c3c805b2888f0c71,-1,harmful,-100.000000,,,-0.072820
point,prm-49db7302a176b729,0,harmful,-50.000000,,,0.032340
point,prm-9d7450aa50a1cc3f,-1,harmful,0.000000,,,-0.102300
point,prm-24a570f07e4ce807,1,redundant,-75.000000,,,-0.016060
point,prm-f28e06b3ccb9dfd8,1,redundant,0.000000,,,0.065340
point,prm-1c1e7874f91737bc,-1,harmful,0.000000,,,-0.090860
point,prm-f9aa238ea730d105,-1,harmful,0.000000,,,-0.022000
point,prm-2e5c19fc0f94ad0f,1,redundant,50.000000,,,0.107360
point,prm-b659045eab2bbc92,0,harmful,0.000000,,,-0.063360
point,prm-579dd704ce645be9,-1,harmful,0.000000,,,-0.001320
point,prm-42aea905c1b49570,0,redundant,0.000000,,,-0.028380
point,prm-db5fb9c45b89211e,1,essential,-100.000000,,,-0.045980
point,prm-b1b1d1fed6ca6e88,0,redundant,0.000000,,,0.023760
point,prm-e165ab188607be7d,-1,essential,0.000000,,,0.002860
point,prm-a17bb33b5cced852,1,redundant,0.000000,,,-0.048400
point,prm-57b082ca295d4211,0,redundant,0.000000,,,0.064900
point,prm-67c15cd755da8374,1,essential,0.000000,,,-0.051700
point,prm-0c1ebea011e80ccd,-1,harmful,100.000000,,,-0.069300
point,prm-b2a4ce5f01127d75,1,redundant,0.000000,,,0.107360
point,prm-e8da447d3e7aeca5,-1,harmful,0.000000,,,-0.046640
point,prm-56f31f0da676983f,-1,harmful,75.000000,,,0.060280
point,prm-1988846108e0f682,0,essential,0.000000,,,-0.066000
point,prm-1363a310736c9808,-1,harmful,0.000000,,,-0.053240
point,prm-1ef2f094b18fa4d5,-1,harmful,0.000000,,,-0.040700
point,prm-b4ce181080c6935d,-1,redundant,-25.000000,,,-0.086460
point,prm-e5218a9b5d49ef04,-1,harmful,75.000000,,,-0.073040
point,prm-934ae181dbf1e5d6,-1,harmful,0.000000,,,-0.066440
point,prm-4a41ea6ca0473740,0,redundant,25.000000,,,-0.026400
point,prm-df9bfb129e27eea5,0,harmful,0.000000,,,-0.056540
point,prm-cfbe55fef530eeea,1,essential,0.000000,,,0.032560
point,prm-c5d23e135f1567c3,-1,harmful,0.000000,,,0.082280
point,prm-17ba4f9e4d89154f,-1,harmful,100.000000,,,0.048840
point,prm-6a5663499dcdfb6e,1,essential,25.000000,,,-0.102740
point,prm-9e945c5a20713eba,0,essential,0.000000,,,-0.044220
point,prm-bf79591055298bcd,-1,harmful,0.000000,,,0.056760
point,prm-61fb797f33ef26d1,-1,harmful,0.000000,,,-0.088000
point,prm-d828d740ba9cd096,1,essential,0.000000,,,-0.073700
point,prm-81dd96c2af2f5b96,1,essential,25.000000,,,0.033220
point,prm-53e6ba65d64de23f,-1,harmful,0.000000,,,-0.002200
point,prm-569d7cf9abe65f34,1,essential,100.000000,,,0.065560
point,prm-51383cc20140c6d4,0,redundant,0.000000,,,-0.022000
point,prm-60b56f07df1c7db4,-1,harmful,0.000000,,,-0.043560
point,prm-738ac1e91010e501,1,redundant,0.000000,,,-0.073700
point,prm-ebe33b841de11dec,1,essential,0.000000,,,-0.013640
point,prm-178620daeb1c879c,1,essential,0.000000,,,-0.009680
point,prm-0ea143eb25e18743,0,essential,0.000000,,,0.050160
point,prm-48b0d62a1035c5eb,-1,harmful,0.000000,,,-0.083160
point,prm-1eb61d347e7307c6,1,redundant,0.000000,,,0.053900
point,prm-6c647c9d900edecf,0,essential,0.000000,,,-0.020240
point,prm-7616aa089b45809c,0,essential,0.000000,,,-0.056980
point,prm-c5d0b2ae9f6de94a,1,redundant,-50.000000,,,0.099000
point,prm-32ce22f0573267db,1,redundant,100.000000,,,0.044220
point,prm-73806d5bdc6ee15f,0,redundant,0.000000,,,0.041360
point,prm-44adc004d54b0a92,0,redundant,0.000000,,,-0.020020
point,prm-e853a7a5555f3056,1,essential,0.000000,,,0.024860
point,prm-def1910362f8da38,1,essential,-50.000000,,,0.015400
point,prm-2d520973414e1dcb,1,redundant,-50.000000,,,-0.092620
point,prm-0000660f74dea7ea,0,harmful,0.000000,,,-0.099660
point,prm-6fb0c8f8ee2ebabd,0,harmful,25.000000,,,0.006380
point,prm-3d9ad8daca3b8faa,-1,harmful,0.000000,,,-0.038940
point,prm-2413c903941648a5,-1,essential,100.000000,,,0.041140
point,prm-45c25b865bce0fe1,-1,essential,0.000000,,,0.017600
point,prm-c7fdd3c01ea7968c,1,essential,50.000000,,,-0.018920
point,prm-b30d7b8afa669a70,-1,essential,100.000000,,,-0.081840
point,prm-9d4dfc92d2809bdb,0,redundant,0.000000,,,-0.001100
point,prm-d22d355799e3baaf,-1,harmful,0.000000,,,-0.043560
point,prm-735ea9ae49ab1cf2,0,essential,0.000000,,,-0.004620
point,prm-fe9bce2e8059e597,-1,harmful,0.000000,,,0.067540
point,prm-caf345262620d432,0,redundant,0.000000,,,0.000000
point,prm-2a5b9be75f2130c8,-1,harmful,100.000000,,,-0.059840
point,prm-7cf98f01d85acf4d,1,harmful,50.000000,,,0.066000
point,prm-f43ad1cb6c3aa6ba,0,essential,0.000000,,,-0.020900
point,prm-f66c436ea5314143,-1,redundant,100.000000,,,0.040700
point,prm-e457a6097bf292ad,1,essential,0.000000,,,0.106040
point,prm-d43403303ce7ca47,0,redundant,0.000000,,,0.009680
point,prm-91db4cb8cb67916a,1,redundant,-25.000000,,,0.041580
point,prm-24135c674fb88634,-1,harmful,100.000000,,,0.013640
point,prm-d139e98806701b02,0,redundant,0.000000,,,0.007920
point,prm-499e50d1f2d6148c,-1,harmful,0.000000,,,-0.035200
point,prm-e31d87a5f18e7b0e,1,essential,0.000000,,,-0.029260
point,prm-02dc733a400c8a44,-1,harmful,25.000000,,,0.029700
point,prm-d9a76b21965836c2,-1,harmful,-100.000000,,,-0.088220
point,prm-a3a05daf8f16a52f,0,essential,-100.000000,,,0.057420
point,prm-47679397406393e0,1,redundant,25.000000,,,0.029040
point,prm-1b82baadae1514fc,-1,harmful,0.000000,,,-0.082500
point,prm-01441d1b7d95366c,1,essential,100.000000,,,-0.036080
point,prm-8acbcd62bf310d16,1,redundant,0.000000,,,0.037840
point,prm-14fb1048eb99d376,-1,redundant,25.000000,,,-0.048840
point,prm-295680b6ca231154,-1,essential,0.000000,,,-0.067540
point,prm-f2aca719a99dc3e9,-1,harmful,0.000000,,,-0.097900
point,prm-47a902d41e673ff6,0,redundant,50.000000,,,-0.060940
point,prm-0700321e0038e3d1,0,redundant,-100.000000,,,-0.041800
point,prm-9156dcd21a3e42c0,1,essential,0.000000,,,0.001760
point,prm-14c85f1b92bf8cfb,-1,harmful,0.000000,,,-0.039380
point,prm-8fb8c12bb402ec2d,0,redundant,0.000000,,,0.106700
point,prm-65435eea6f0c0b9a,0,redundant,0.000000,,,0.046860
point,prm-66bc41cfa62d57e2,1,essential,-25.000000,,,-0.046860
point,prm-2dfd8218ce19b305,0,redundant,0.000000,,,0.008140
point,prm-b7f05eda927bf837,0,redundant,-25.000000,,,0.090420
point,prm-57a23b7d9d387a2d,0,harmful,100.000000,,,-0.094380
point,prm-e0c68e2f69c92ce1,0,harmful,0.000000,,,0.077220
point,prm-ac01250021f796d9,0,redundant,100.000000,,,-0.081180
point,prm-0ade6393f937db17,1,redundant,0.000000,,,-0.036080
point,prm-77a86cb6e4dfd1aa,1,essential,-25.000000,,,0.032340
point,prm-99891d43a5e736a5,0,redundant,0.000000,,,0.092400
point,prm-977f248f4b7b1084,0,redundant,-25.000000,,,0.028380
point,prm-f77af5e177e450d9,0,essential,50.000000,,,0.066660
point,prm-55ea704e2707c428,0,redundant,0.000000,,,0.102300
point,prm-3ef9d1189683f74d,-1,harmful,100.000000,,,0.065780
point,prm-51eccaad45590836,-1,harmful,25.000000,,,0.032340
point,prm-ac1c971aefdf8aad,0,harmful,-50.000000,,,0.048400
point,prm-14d4896af9e2f42b,-1,harmful,0.000000,,,0.007920
point,prm-e5b42c42ddfdfe89,0,redundant,75.000000,,,-0.023980
point,prm-24a4a38cf78a16b4,-1,harmful,0.000000,,,0.027280
point,prm-4dbc982a4c31d7d8,1,harmful,0.000000,,,-0.070620
point,prm-92cd9c4d155c7994,0,redundant,0.000000,,,0.092400
point,prm-d86397c6b2e063ff,0,essential,-100.000000,,,-0.013640
point,prm-fb4120427f491cb1,1,harmful,0.000000,,,0.098560
point,prm-b141684d5ef466c9,0,redundant,0.000000,,,-0.052140
point,prm-00177cb1b6246e3e,1,essential,0.000000,,,0.028380
point,prm-edfe3301d75e7278,-1,harmful,0.000000,,,-0.052140
point,prm-64c48353bed266ed,0,essential,25.000000,,,0.059840
point,prm-9aefc3c8b6098bf4,0,essential,25.000000,,,0.016720
point,prm-210861cfb25add07,0,redundant,0.000000,,,-0.058960
point,prm-fa87724dc0063e72,-1,harmful,0.000000,,,-0.102740
point,prm-7a6e2d9a9da28f78,-1,harmful,25.000000,,,0.027940
point,prm-656a46c9640db820,0,redundant,-75.000000,,,0.078100
point,prm-d9e44ee7bd1dadc6,-1,harmful,100.000000,,,0.074800
point,prm-7a821b119f49c100,1,redundant,-25.000000,,,0.068200
point,prm-76baed35df6fb032,1,redundant,0.000000,,,0.103840
point,prm-f418b9680e5a9dc1,-1,harmful,0.000000,,,-0.065120
point,prm-33b6dd3dabd31070,-1,harmful,0.000000,,,0.084480
point,prm-23e4bf45fefddfca,-1,harmful,75.000000,,,0.066880
point,prm-ea4bf8ee91052d6e,0,redundant,0.000000,,,0.086900
point,prm-22008191f0fcf07c,0,redundant,0.000000,,,-0.037180
point,prm-d53813f5acf46dc2,1,essential,0.000000,,,-0.056760
point,prm-27543090e207be07,0,redundant,0.000000,,,0.006160
point,prm-374f893a0a7e07c4,1,redundant,0.000000,,,0.013200
point,prm-6b443c0ab9016cf3,0,redundant,0.000000,,,-0.055440
point,prm-9b09489564767b9d,0,essential,0.000000,,,-0.029040
point,prm-b02cba206762c771,1,essential,0.000000,,,0.082280
point,prm-1590d85cae7720a6,1,redundant,-75.000000,,,0.105160
point,prm-8d9aac49538338f6,1,essential,0.000000,,,0.104940
point,prm-d14414ada709f204,0,redundant,75.000000,,,0.005720
point,prm-c00e9d4b22a619cf,0,harmful,0.000000,,,0.062700
point,prm-6994d64b52995162,-1,harmful,25.000000,,,0.084920
point,prm-3490f4298028248f,0,harmful,0.000000,,,-0.105600
point,prm-896614eb571273fb,1,essential,-50.000000,,,-0.017820
point,prm-5163da324c8a2bc9,1,essential,0.000000,,,-0.103400
point,prm-060b37de44a23f9c,1,redundant,-100.000000,,,0.041800
point,prm-6a48687cd49dd67e,-1,harmful,0.000000,,,0.106480
point,prm-bcf33e68e625980e,-1,harmful,0.000000,,,-0.072160
point,prm-4f8665f0a19739c3,0,harmful,0.000000,,,-0.092840
point,prm-a3fb1524920e2118,0,redundant,0.000000,,,-0.050160
point,prm-b776a9c2dead1877,0,redundant,0.000000,,,-0.023760
point,prm-31f315049adee361,0,redundant,0.000000,,,0.023540
point,prm-0796ce8561574c8c,1,essential,0.000000,,,0.089980
point,prm-fa241fc7e4a6f419,1,redundant,-100.000000,,,-0.047520
point,prm-a619a9e3e9a63362,1,redundant,0.000000,,,0.074360
point,prm-b3c55327f85d52bf,-1,essential,-50.000000,,,-0.027940
point,prm-4c7b0daf67f174f2,0,harmful,100.000000,,,0.089980
point,prm-bd9c89c30ff0439e,1,essential,25.000000,,,0.072160
point,prm-8cc3ef6509ad6fbf,1,essential,0.000000,,,0.029920
point,prm-649bf3fbe6231218,1,essential,0.000000,,,-0.022220
point,prm-42aa85293ce04d6c,1,redundant,0.000000,,,-0.105160
point,prm-1032a7112c293158,1,redundant,0.000000,,,-0.071060
point,prm-2d19813fccf4dac9,0,redundant,0.000000,,,0.020680
point,prm-1fa85012955acc38,1,essential,0.000000,,,-0.053240
point,prm-6a679885fe24ca4d,-1,harmful,0.000000,,,0.103840
point,prm-bbdc2cbce9d5d71d,1,essential,-25.000000,,,-0.027720
point,prm-61500888ffe32624,1,essential,25.000000,,,-0.098340
point,prm-3b8fc6d3080aade1,0,redundant,0.000000,,,0.082280
point,prm-24d79d07da1abeb8,0,essential,0.000000,,,0.086460
point,prm-b8457436293d4e60,-1,harmful,0.000000,,,-0.092840
point,prm-9ef4a4362f8a777c,0,essential,0.000000,,,0.009240
point,prm-7af50adf0a42982f,1,redundant,0.000000,,,-0.049940
point,prm-4c8c15a6cba67d79,1,redundant,0.000000,,,-0.011220
point,prm-242890b88c115e2c,1,essential,-50.000000,,,-0.100320
point,prm-2c5e0537236b9a03,1,essential,25.000000,,,0.011000
point,prm-64052b65a1c192c7,-1,harmful,0.000000,,,-0.055440
point,prm-05db80661c2eea87,0,redundant,0.000000,,,-0.098340
point,prm-dfed03ca959f8315,1,essential,0.000000,,,0.031460
point,prm-ca096eb77c3d707b,0,redundant,75.000000,,,0.014520
point,prm-dbb76c0284dc2629,-1,harmful,75.000000,,,0.099880
point,prm-c93b572ed45d09e3,-1,harmful,0.000000,,,-0.078100
point,prm-7805f2fb660af82c,1,essential,100.000000,,,0.073260
point,prm-694eda0133adae37,0,redundant,0.000000,,,-0.039820
point,prm-6c4e585fba73949f,-1,harmful,25.000000,,,-0.066660
point,prm-2953ceb48c3d11eb,0,harmful,0.000000,,,-0.050160
point,prm-5be58b31f228d28e,-1,harmful,0.000000,,,0.109120
point,prm-de2964131ac70829,1,harmful,50.000000,,,-0.005720
point,prm-a9006452bf5662ee,-1,redundant,0.000000,,,-0.019800
point,prm-9def3665fa2dd260,1,harmful,25.000000,,,0.017160
point,prm-317d37656fcc5ddd,0,essential,0.000000,,,-0.076120
point,prm-7aacc6952228d379,1,essential,0.000000,,,-0.078320
point,prm-ac7f15288ce11c38,-1,harmful,100.000000,,,-0.103400
point,prm-7a422bc7fddfdf54,-1,harmful,-25.000000,,,0.006380
point,prm-3fb0a1041b0e6522,-1,harmful,100.000000,,,0.062920
point,prm-fa4778df65d9a289,-1,harmful,50.000000,,,-0.066440
point,prm-4dece02217f93500,0,redundant,-75.000000,,,0.025960
point,prm-2d6ec7aa85de8014,0,redundant,0.000000,,,-0.023320
point,prm-dc919cb80f6423eb,0,redundant,0.000000,,,-0.012320
point,prm-c7bf20109ee3402e,-1,harmful,100.000000,,,-0.013860
point,prm-7449b3260474567e,1,essential,0.000000,,,-0.061160
point,prm-370bf73e2c4bd7d0,1,essential,0.000000,,,-0.019800
point,prm-6c8f717ff62b444b,0,essential,0.000000,,,0.074580
point,prm-52a853240fdce958,-1,harmful,0.000000,,,-0.094600
point,prm-1fdd16bd5ee2ebb1,0,harmful,100.000000,,,-0.079640
point,prm-4b2cde83a58c010f,0,harmful,0.000000,,,0.015400
point,prm-e3b1b8595fa68428,0,harmful,0.000000,,,0.087340
point,prm-9b1fccc8cdbe2d3c,0,redundant,0.000000,,,0.098560
point,prm-07ed10b9917c2389,-1,harmful,0.000000,,,0.109560
point,prm-a15fb929dff59e97,-1,harmful,0.000000,,,0.059840
point,prm-12bc5c8b425e5765,1,essential,0.000000,,,0.036960
point,prm-9df86fcdc40baf88,1,essential,50.000000,,,-0.051700
point,prm-68e9514e2eb03142,-1,harmful,0.000000,,,0.027720
point,prm-ae5ba6e191f09528,-1,harmful,100.000000,,,-0.030140
point,prm-315d6ba30914293a,0,redundant,0.000000,,,0.027280
point,prm-92e6c6de9151c528,1,essential,0.000000,,,0.040700
point,prm-2fbe6edf19120d31,-1,harmful,0.000000,,,-0.046420
point,prm-5bd12286ca047ec0,1,essential,0.000000,,,0.079860
point,prm-64828b0b15ca157c,1,redundant,0.000000,,,-0.091520
point,prm-f2ca2a7324883c6d,-1,essential,0.000000,,,-0.092840
point,prm-6810d2c059913e28,0,essential,100.000000,,,0.006160
point,prm-c01bc07ec8bcb448,-1,harmful,25.000000,,,-0.086460
point,prm-ab1c7130781f0c6b,0,harmful,-100.000000,,,-0.057420
point,prm-f17b27e710e8f147,-1,harmful,0.000000,,,0.068420
point,prm-6bdba3a9023070a1,-1,harmful,0.000000,,,0.003960
point,prm-6ee8687119787677,1,redundant,0.000000,,,-0.106700
point,prm-3d7ee20871a31c85,0,redundant,-75.000000,,,0.045760
point,prm-cbc588184fc6053c,1,essential,-25.000000,,,-0.000440
point,prm-5da3ed1afff5caaa,-1,harmful,-25.000000,,,-0.025520
point,prm-49dfa9357a3a5686,0,essential,-25.000000,,,0.082720
point,prm-3dc58ac2c43483b2,-1,harmful,0.000000,,,0.039600
point,prm-2cb8f0ea41668c12,-1,harmful,0.000000,,,0.060280
point,prm-91df52b1208ea81d,1,essential,0.000000,,,-0.048840
point,prm-951e8e518dae1077,1,essential,0.000000,,,-0.081840
point,prm-ef29966d7a6bd3e2,0,redundant,0.000000,,,-0.053680
point,prm-7f470224e279c9a5,-1,harmful,0.000000,,,-0.031020
point,prm-27e89528dea4c565,0,redundant,0.000000,,,0.003520
point,prm-f254e3a090dbe70a,1,essential,0.000000,,,-0.051040
point,prm-64b92977ff492b9b,-1,essential,100.000000,,,-0.109120
point,prm-5aef13ef62a287fc,0,redundant,0.000000,,,-0.090200
point,prm-fde519a4d71d112d,1,essential,0.000000,,,0.058960
point,prm-b09e1aa4bb87ee7c,1,harmful,0.000000,,,0.003960
point,prm-c9fe17645948c6da,0,redundant,0.000000,,,0.007260
point,prm-1989a099acb06f53,0,redundant,75.000000,,,-0.048620
point,prm-d4926e70a53c8c17,1,redundant,0.000000,,,-0.058080
point,prm-707a079b8cebba7e,-1,harmful,50.000000,,,0.095920
point,prm-da9a80d73183841e,0,redundant,25.000000,,,-0.058080
point,prm-4d125d919f106dbe,0,essential,0.000000,,,-0.104940
point,prm-b46df73b9c7f1dd9,-1,harmful,100.000000,,,0.015400
point,prm-9ceaed5b974155d1,-1,redundant,0.000000,,,0.104060
point,prm-b61370dd7f97aa7c,1,essential,0.000000,,,0.046860
point,prm-158ef0683bb8bf70,-1,harmful,0.000000,,,0.051700
point,prm-c95d41ec650cb773,-1,harmful,0.000000,,,0.020240
point,prm-762ceff54735d7f1,0,redundant,0.000000,,,-0.004400
point,prm-e9f04531a844d980,-1,harmful,100.000000,,,-0.048840
point,prm-9db27c5e8855d8c2,-1,harmful,0.000000,,,-0.029480
point,prm-08169263b46b6a22,1,essential,0.000000,,,0.102520
point,prm-5636d3dc1eb6633f,-1,harmful,0.000000,,,-0.075460
point,prm-c502b3dc0f88dfaf,-1,harmful,0.000000,,,0.041360
point,prm-8dfa8dc3890bcfef,-1,harmful,0.000000,,,0.024860
point,prm-e340bad68ddf9e2d,0,redundant,0.000000,,,-0.025520
point,prm-f8d5e2b8c3ae4947,0,redundant,0.000000,,,-0.005720
point,prm-32cacde29c588ce5,1,essential,0.000000,,,-0.010780
point,prm-78bd280e7dee8d22,1,redundant,0.000000,,,0.008140
point,prm-84b3c6777c806334,-1,harmful,50.000000,,,0.016940
point,prm-0219e874907d9144,0,essential,0.000000,,,0.055000
point,prm-090c92a536a6f7cf,0,redundant,25.000000,,,-0.011220
point,prm-2ec389700747f531,0,redundant,0.000000,,,-0.054780
point,prm-c95bf35f36e49166,0,redundant,0.000000,,,0.078540
point,prm-dba05e0cd479b592,-1,harmful,50.000000,,,-0.062920
point,prm-de925ec448909016,1,essential,25.000000,,,-0.003740
point,prm-4f0a1eb97f47668a,1,redundant,0.000000,,,0.082500
point,prm-c724e22efcbb6540,-1,harmful,0.000000,,,-0.104940
point,prm-c1d4d174440821f2,0,essential,-50.000000,,,-0.028820
point,prm-43a5c71b96bc6a02,-1,harmful,0.000000,,,-0.007260
point,prm-359b37145eea0ad1,1,redundant,0.000000,,,0.085580
point,prm-b22345a73912d695,1,essential,0.000000,,,-0.093720
point,prm-70a2e3a4f8362a3d,1,harmful,0.000000,,,0.097460
point,prm-a7ee94dec2e0a9cc,-1,harmful,0.000000,,,-0.012540
point,prm-62cd37cf091fe105,1,redundant,25.000000,,,0.077220
point,prm-27d0dda20005b851,-1,harmful,0.000000,,,-0.068420
point,prm-d7cd2fc406477b13,0,essential,-25.000000,,,0.044220
point,prm-b5f8d24593f1e708,0,redundant,0.000000,,,-0.081180
point,prm-d3fcbd13ec57a842,1,redundant,0.000000,,,0.066660
point,prm-b8e3cc348f791b5a,-1,harmful,0.000000,,,0.084700
point,prm-5c51e282ba7208e7,0,harmful,0.000000,,,0.032120
point,prm-f65a99197bf57f66,-1,harmful,0.000000,,,0.022440
point,prm-1e1ebbda6644be84,1,redundant,25.000000,,,-0.034100
point,prm-8d743a4306b744df,0,redundant,0.000000,,,0.018040
point,prm-939dcfcb80f17717,1,redundant,0.000000,,,0.045320
point,prm-eadb47af80561526,-1,harmful,-50.000000,,,0.008800
point,prm-d7fbf32a29279602,-1,harmful,0.000000,,,0.048620
point,prm-60c1493204964b2e,0,redundant,0.000000,,,-0.031240
point,prm-6b1c6a29b6d1c9f7,0,harmful,25.000000,,,0.002640
point,prm-378914f040c48223,0,redundant,75.000000,,,0.068200
point,prm-9c5520ebe88a1852,0,redundant,0.000000,,,-0.075900
point,prm-1d89b199249c7358,-1,harmful,0.000000,,,0.061600
point,prm-0d673acec3561559,-1,harmful,25.000000,,,-0.011660
point,prm-82a7dbd4bea9c49f,-1,harmful,0.000000,,,-0.087120
point,prm-677329b0cf4a5ef0,-1,harmful,0.000000,,,-0.071940
point,prm-6a11cd36a6d48aac,0,harmful,-75.000000,,,-0.067760
point,prm-b4b221e907450223,0,redundant,0.000000,,,0.064020
point,prm-ae250ba55293ea93,1,essential,50.000000,,,0.075680
point,prm-e8138a79d9f11b5f,1,redundant,0.000000,,,-0.080520
point,prm-a795bb4c871ed999,-1,harmful,75.000000,,,-0.072600
point,prm-afb60f3ac0dd9a0b,0,harmful,0.000000,,,0.047960
point,prm-ce91b518cab83f12,-1,harmful,-25.000000,,,0.056980
point,prm-c3e6885bc7f884e7,1,redundant,0.000000,,,-0.014960
point,prm-8d8817bd48cf495e,-1,harmful,100.000000,,,0.000660
point,prm-e319831ecda4ad73,-1,harmful,0.000000,,,-0.002200
point,prm-8be5e8ce53ce132a,0,redundant,25.000000,,,-0.098780
point,prm-5699f280aa96d018,1,essential,-50.000000,,,-0.026620
point,prm-015f040f29e2b298,0,essential,-100.000000,,,0.056100
point,prm-a136374e0913b303,1,redundant,0.000000,,,-0.054120
point,prm-2e1055ac659ff29f,0,redundant,0.000000,,,0.013640
point,prm-36e206fe8afae4f8,0,redundant,0.000000,,,-0.051260
point,prm-64b8dd81d152bc1a,-1,harmful,0.000000,,,0.086900
point,prm-1d5a5cb08ca68e3d,-1,harmful,75.000000,,,0.007040
point,prm-151724cd1bbe2b32,1,essential,0.000000,,,0.090420
point,prm-4eb77ebc633f7a2d,1,redundant,0.000000,,,0.104500
point,prm-58392d69449f6f68,-1,harmful,0.000000,,,-0.080080
point,prm-e5a3f23bd55fe87a,-1,harmful,0.000000,,,-0.075460
point,prm-67027b02bd4348a7,1,essential,0.000000,,,-0.078540
point,prm-901a3aa77c6c4dc2,1,harmful,100.000000,,,0.055440
point,prm-bda20d3dc84e4528,0,redundant,0.000000,,,-0.073040
point,prm-6f55f9ad3924eda5,0,redundant,0.000000,,,-0.075240
point,prm-a32a5104eb5cd351,-1,harmful,100.000000,,,0.085800
point,prm-3f6d462098747631,-1,harmful,0.000000,,,-0.013640
point,prm-335e21a88e0969e0,0,redundant,-100.000000,,,0.033000
point,prm-1984cb49b132bdb6,0,harmful,50.000000,,,0.015180
point,prm-6340032015881710,0,redundant,0.000000,,,0.086020
point,prm-7ca8bf8fc95e2b20,-1,harmful,0.000000,,,0.109120
point,prm-ff4d90cf78aa30d8,1,redundant,0.000000,,,-0.056540
point,prm-b51dfeb3b8305067,1,essential,0.000000,,,0.004840
point,prm-a6f6b01911605940,-1,harmful,75.000000,,,-0.073040
point,prm-21878507d8f59c4d,1,redundant,0.000000,,,-0.060500
point,prm-cb3eed5635ac46b4,0,harmful,0.000000,,,-0.047960
point,prm-4ed42d1c12397218,-1,harmful,0.000000,,,-0.067100
point,prm-80def83e2346512b,-1,harmful,-100.000000,,,-0.026620
point,prm-52cd0d7cc6b4cdfc,1,essential,0.000000,,,-0.055440
point,prm-836cfecb0a834014,-1,harmful,75.000000,,,0.018700
point,prm-e164a92c13c4f1d6,0,essential,0.000000,,,-0.089760
point,prm-fea1ec494dc61cd4,1,harmful,-25.000000,,,-0.092620
point,prm-f3b8d8282dd5fc21,0,redundant,0.000000,,,0.108680
point,prm-a50457954dbd885f,1,redundant,0.000000,,,0.036740
point,prm-d7691ac94c48e3a4,1,essential,0.000000,,,0.019800
point,prm-9eb976f5fba8a1ea,-1,harmful,0.000000,,,0.071720
point,prm-15473e963522ff7f,1,essential,0.000000,,,0.020680
point,prm-554fe1d6b58f094f,0,harmful,0.000000,,,0.029480
point,prm-36b1999ceae59aea,1,essential,0.000000,,,0.010780
point,prm-52ebf116b73ecf1a,-1,harmful,0.000000,,,0.057860
point,prm-dfdb549c682c7822,-1,harmful,100.000000,,,0.050820
point,prm-4376ee5dd1ec051f,0,redundant,-50.000000,,,-0.066660
point,prm-5b638cc553a8f6cc,0,essential,0.000000,,,0.108020
point,prm-a89889ad37cbc7e2,-1,harmful,0.000000,,,-0.069080
point,prm-a4aa6a22f3134565,0,redundant,0.000000,,,0.044440
point,prm-cd2eef413f1492b7,1,essential,-25.000000,,,0.001100
point,prm-e57bd8bedd80b00d,-1,harmful,-50.000000,,,-0.073480
point,prm-932de7bca0e7c93d,0,redundant,-25.000000,,,-0.094820
point,prm-da7d81c2f0986b42,-1,harmful,100.000000,,,-0.035200
point,prm-297fe2bd5193998f,0,redundant,0.000000,,,0.068420
point,prm-d10dadbf854a3250,-1,harmful,100.000000,,,0.023100
point,prm-cea36bdf052fa8d6,-1,harmful,0.000000,,,-0.108900
point,prm-f7aa110cdcd4de1b,-1,harmful,-25.000000,,,-0.029920
point,prm-200cc16bd7b20d90,1,redundant,0.000000,,,0.025740
point,prm-372a06491c3ab4c3,1,essential,0.000000,,,0.109340
point,prm-7c8b800f666a8d2b,0,redundant,0.000000,,,0.024420
point,prm-ad9e7fa994103189,0,redundant,100.000000,,,-0.057420
point,prm-39b8f0d9babefef6,0,redundant,-50.000000,,,-0.062920
point,prm-a8f0f0d569ae9708,-1,harmful,100.000000,,,0.018920
point,prm-17fa230838c04542,-1,redundant,-100.000000,,,-0.005500
point,prm-79304f2f93ee36e7,-1,essential,0.000000,,,-0.085140
point,prm-f209abf6bbcf46bb,-1,harmful,0.000000,,,-0.027940
point,prm-5f58d3f9cdbdd4cd,1,redundant,0.000000,,,0.103620
point,prm-23e70faea1873d2b,-1,harmful,0.000000,,,0.022880
point,prm-1aa633a0cb723ff0,0,redundant,0.000000,,,0.063580
point,prm-d8dd25afa49d220a,1,redundant,-25.000000,,,0.021340
point,prm-b8a1339e40d14487,0,harmful,75.000000,,,0.037840
point,prm-bdb3ede8ec7d1902,0,redundant,100.000000,,,0.061600
point,prm-ac1b5da6715754b0,-1,harmful,0.000000,,,0.105380
point,prm-f15246b50fdc7a05,-1,harmful,0.000000,,,-0.065560
point,prm-f3ade9b68838159b,1,harmful,0.000000,,,0.046860
point,prm-ea9c90dcf0197292,0,redundant,0.000000,,,-0.059400
point,prm-81d72916fff41df2,0,redundant,0.000000,,,0.014080
point,prm-30611e95e1fdab2f,1,redundant,0.000000,,,0.085800
point,prm-5b41ee9b9b0d17ba,0,essential,100.000000,,,-0.071720
point,prm-8b98fbc7066216ce,-1,essential,0.000000,,,-0.095920
point,prm-933bbb6ef939eb1f,-1,harmful,-75.000000,,,0.050380
point,prm-0b28d0082685012b,0,redundant,0.000000,,,-0.065340
point,prm-9cdea0642dfb0680,0,harmful,0.000000,,,-0.093720
point,prm-a1de62b9ef1cf246,0,essential,-100.000000,,,0.001980
point,prm-925200af07947f5c,0,redundant,-50.000000,,,-0.062700
point,prm-bbc52970464fbf13,0,essential,0.000000,,,0.098120
point,prm-0ff002313a594db0,0,redundant,100.000000,,,0.062920
point,prm-cfef1e0669eb8eee,1,essential,75.000000,,,0.035420
point,prm-809326ad29e9fe7f,0,harmful,0.000000,,,0.004620
point,prm-542b09ca81c2a59d,1,harmful,-100.000000,,,-0.020240
point,prm-f20b3a116ae0c86a,0,essential,0.000000,,,0.086240
point,prm-ce7da7c55243f250,-1,harmful,-25.000000,,,0.073480
point,prm-a8a8bda6701d4be2,0,harmful,-25.000000,,,-0.049500
point,prm-b1821859ea0c9d57,1,redundant,0.000000,,,0.051040
point,prm-7e6bdad2d7a80ef9,-1,harmful,0.000000,,,0.095260
point,prm-d2f74008879c56dd,0,redundant,-25.000000,,,0.038280
point,prm-1f8e288adb17d18c,-1,harmful,-25.000000,,,-0.052360
point,prm-cc448d173bf0a3b0,1,redundant,75.000000,,,-0.030800
point,prm-f928a55daeb136c0,1,harmful,0.000000,,,-0.039160
point,prm-4e153a707e488ac9,0,harmful,-100.000000,,,-0.072160
point,prm-0914b22e28651211,0,redundant,-100.000000,,,0.050380
point,prm-a33bd2bed39c0904,1,redundant,0.000000,,,0.064900
point,prm-9689f5a49ddfdb3e,0,essential,-75.000000,,,0.000000
point,prm-95090e247bc58e1e,-1,harmful,0.000000,,,-0.045320
point,prm-d96f1fc3f096f50e,0,essential,50.000000,,,-0.044880
point,prm-ee33bfc442fd8af0,1,redundant,-25.000000,,,-0.101860
point,prm-7b57deaaa0d16f28,-1,harmful,0.000000,,,-0.084700
point,prm-cb4a5cbf9bb5b458,1,essential,-50.000000,,,0.086240
point,prm-4657ae2feebcdcab,-1,harmful,100.000000,,,-0.031240
point,prm-7fa27f0af15756ce,1,essential,25.000000,,,0.067540
point,prm-b51944c22596b644,1,essential,0.000000,,,-0.059180
point,prm-b10138ab1454a3dc,1,redundant,50.000000,,,0.036080
point,prm-7df4ff373ff4bd62,1,essential,-100.000000,,,0.071280
point,prm-abe53d5b468a1ebc,-1,harmful,0.000000,,,0.106040
point,prm-c796e9f10b13c8d1,0,essential,0.000000,,,-0.072160
point,prm-102acf97bfdd07f4,0,redundant,0.000000,,,0.080960
point,prm-6fae419daf3fea6a,1,redundant,0.000000,,,-0.095040
point,prm-04b463c60fdb3f38,0,redundant,0.000000,,,0.064460
point,prm-cb956bad5ee66d16,1,essential,0.000000,,,-0.011440
point,prm-a3120089f800f1e1,-1,harmful,0.000000,,,-0.020240
point,prm-0b2c173096bce7b5,1,essential,0.000000,,,-0.042460
point,prm-ea5630c2b42fdb9a,0,redundant,0.000000,,,0.106700
point,prm-a081faca165fd59b,-1,harmful,0.000000,,,0.021780
point,prm-dd448bdba8557edf,-1,harmful,100.000000,,,-0.085580
point,prm-fa7b948140b07d8f,-1,harmful,0.000000,,,0.011000
point,prm-8eab1f56bd806ddc,1,redundant,25.000000,,,-0.064460
point,prm-68f28d955828cf44,-1,harmful,100.000000,,,0.079640
point,prm-9719f2f944491556,-1,harmful,0.000000,,,-0.068200
point,prm-198f47bbf6394d9d,1,harmful,0.000000,,,0.020240
point,prm-dbc1373a79928aa0,1,redundant,0.000000,,,-0.095700
point,prm-df2ec95ccf5f161f,0,harmful,0.000000,,,0.039600
point,prm-a625e035a295d2bd,0,essential,50.000000,,,-0.067100
point,prm-ddb44dca9b82bb3d,1,essential,0.000000,,,-0.016940
point,prm-f1c09b6fd89155cf,-1,harmful,50.000000,,,0.080520
point,prm-7b6647a191e51a48,0,redundant,25.000000,,,-0.094600
point,prm-feab03f43e4af912,0,redundant,-75.000000,,,0.085140
summary,,-1,essential,17.857143,-3.571429,42.857143,
summary,,-1,redundant,0.000000,-37.500000,37.500000,
summary,,-1,harmful,23.314607,16.573034,30.056180,
summary,,0,essential,-6.097561,-19.512195,7.317073,
summary,,0,redundant,1.652893,-4.752066,8.264463,
summary,,0,harmful,2.631579,-11.842105,17.121711,
summary,,1,essential,-1.818182,-8.414773,5.000000,
summary,,1,redundant,0.347222,-7.291667,7.986111,
summary,,1,harmful,2.777778,-19.444444,25.000000,
