step_id,rating,type_hc,cell,control_runs,target_runs,placebo_runs,control_rate,target_rate,target_effect,placebo_rate,placebo_effect,pure_semantic_effect
prm-2e89a40cec48c042,-1,harmful,rating-1_anchor,3,3,3,1.0,1.0,0.0,1.0,0.0,0.0
prm-cea36bdf052fa8d6,-1,harmful,rating-1_anchor,3,3,3,1.0,1.0,0.0,1.0,0.0,0.0
prm-2a5b9be75f2130c8,-1,harmful,rating-1_anchor,3,3,3,1.0,1.0,0.0,1.0,0.0,0.0
prm-1ef2f094b18fa4d5,-1,harmful,rating-1_anchor,3,3,3,1.0,1.0,0.0,0.3333333333333333,-0.6666666666666667,0.6666666666666667
prm-8115590161527562,-1,harmful,rating-1_anchor,3,3,3,1.0,1.0,0.0,1.0,0.0,0.0
prm-02dc733a400c8a44,-1,harmful,rating-1_anchor,3,3,3,1.0,1.0,0.0,1.0,0.0,0.0
prm-ac1b5da6715754b0,-1,harmful,rating-1_anchor,3,3,3,1.0,0.3333333333333333,-0.6666666666666667,0.6666666666666666,-0.33333333333333337,-0.3333333333333333
prm-911d5b9b5b289e39,-1,harmful,rating-1_anchor,3,3,3,1.0,1.0,0.0,0.6666666666666666,-0.33333333333333337,0.33333333333333337
prm-c502b3dc0f88dfaf,-1,harmful,rating-1_anchor,3,3,3,0.0,0.0,0.0,0.0,0.0,0.0
prm-bf49cda9c1b58b99,-1,harmful,rating-1_anchor,3,3,3,0.6666666666666666,0.6666666666666666,0.0,1.0,0.33333333333333337,-0.33333333333333337
prm-bf052d7ceb54371a,-1,harmful,rating-1_anchor,3,3,3,1.0,1.0,0.0,1.0,0.0,0.0
prm-52ebf116b73ecf1a,-1,harmful,rating-1_anchor,3,3,3,0.6666666666666666,1.0,0.33333333333333337,0.6666666666666666,0.0,0.33333333333333337
prm-17fa230838c04542,-1,harmful,rating-1_anchor,3,3,3,1.0,1.0,0.0,0.6666666666666666,-0.33333333333333337,0.33333333333333337
prm-bcf33e68e625980e,-1,harmful,rating-1_anchor,3,3,3,1.0,1.0,0.0,0.6666666666666666,-0.33333333333333337,0.33333333333333337
prm-9eb976f5fba8a1ea,-1,harmful,rating-1_anchor,3,3,3,0.0,0.0,0.0,0.0,0.0,0.0
prm-b93ffe4952ee0425,-1,harmful,rating-1_anchor,3,3,3,1.0,1.0,0.0,0.6666666666666666,-0.33333333333333337,0.33333333333333337
prm-70a8ec8eb124a0b7,-1,harmful,rating-1_anchor,3,3,3,0.0,0.3333333333333333,0.3333333333333333,0.0,0.0,0.3333333333333333
prm-7a6e2d9a9da28f78,-1,harmful,rating-1_anchor,3,3,3,1.0,1.0,0.0,1.0,0.0,0.0
prm-c3c805b2888f0c71,-1,harmful,rating-1_anchor,3,3,3,1.0,1.0,0.0,1.0,0.0,0.0
prm-5be58b31f228d28e,-1,harmful,rating-1_anchor,3,3,3,1.0,1.0,0.0,1.0,0.0,0.0
prm-2413c903941648a5,-1,harmful,rating-1_anchor,3,3,3,1.0,1.0,0.0,1.0,0.0,0.0
prm-77fc0b169d8585bc,-1,harmful,rating-1_anchor,3,3,3,0.6666666666666666,1.0,0.33333333333333337,1.0,0.33333333333333337,0.0
prm-a081faca165fd59b,-1,harmful,rating-1_anchor,3,3,3,1.0,1.0,0.0,1.0,0.0,0.0
prm-695b2bd8829139af,-1,harmful,rating-1_anchor,3,3,3,0.6666666666666666,1.0,0.33333333333333337,1.0,0.33333333333333337,0.0
prm-3fb0a1041b0e6522,-1,harmful,rating-1_anchor,3,3,3,1.0,1.0,0.0,1.0,0.0,0.0
prm-f17b27e710e8f147,-1,harmful,rating-1_anchor,3,3,3,0.3333333333333333,1.0,0.6666666666666667,0.6666666666666666,0.3333333333333333,0.33333333333333337
prm-57f3dc0fcc359327,-1,harmful,rating-1_anchor,3,3,3,1.0,1.0,0.0,0.6666666666666666,-0.33333333333333337,0.33333333333333337
prm-707a079b8cebba7e,-1,harmful,rating-1_anchor,3,3,3,0.6666666666666666,1.0,0.33333333333333337,1.0,0.33333333333333337,0.0
prm-6994d64b52995162,-1,harmful,rating-1_anchor,3,3,3,1.0,1.0,0.0,1.0,0.0,0.0
prm-7e6bdad2d7a80ef9,-1,harmful,rating-1_anchor,3,3,3,0.6666666666666666,1.0,0.33333333333333337,1.0,0.33333333333333337,0.0
prm-98214e328bc84341,-1,harmful,rating-1_anchor,3,3,3,0.6666666666666666,1.0,0.33333333333333337,0.6666666666666666,0.0,0.33333333333333337
prm-c93b572ed45d09e3,-1,harmful,rating-1_anchor,3,3,3,0.6666666666666666,1.0,0.33333333333333337,1.0,0.33333333333333337,0.0
prm-23547b2809b8fcf4,-1,harmful,rating-1_anchor,3,3,3,0.3333333333333333,1.0,0.6666666666666667,0.3333333333333333,0.0,0.6666666666666667
prm-f7aa110cdcd4de1b,-1,harmful,rating-1_anchor,3,3,3,1.0,1.0,0.0,1.0,0.0,0.0
prm-9c4e4a7aac1b200e,-1,harmful,rating-1_anchor,3,3,3,1.0,1.0,0.0,1.0,0.0,0.0
prm-6c4e585fba73949f,-1,harmful,rating-1_anchor,3,3,3,1.0,1.0,0.0,1.0,0.0,0.0
prm-579dd704ce645be9,-1,harmful,rating-1_anchor,3,3,3,1.0,1.0,0.0,1.0,0.0,0.0
prm-768b381d1efb643a,-1,harmful,rating-1_anchor,3,3,3,1.0,1.0,0.0,1.0,0.0,0.0
prm-4b587d923463065a,-1,harmful,rating-1_anchor,3,3,3,1.0,1.0,0.0,0.6666666666666666,-0.33333333333333337,0.33333333333333337
prm-9a884b78e7527ff9,-1,harmful,rating-1_anchor,3,3,3,0.3333333333333333,0.6666666666666666,0.3333333333333333,0.6666666666666666,0.3333333333333333,0.0
prm-24135c674fb88634,-1,harmful,rating-1_anchor,3,3,3,1.0,1.0,0.0,1.0,0.0,0.0
prm-1c1e7874f91737bc,-1,harmful,rating-1_anchor,3,3,3,1.0,1.0,0.0,1.0,0.0,0.0
prm-6a679885fe24ca4d,-1,harmful,rating-1_anchor,3,3,3,1.0,1.0,0.0,1.0,0.0,0.0
prm-56f31f0da676983f,-1,harmful,rating-1_anchor,3,3,3,0.6666666666666666,1.0,0.33333333333333337,1.0,0.33333333333333337,0.0
prm-14d4896af9e2f42b,-1,harmful,rating-1_anchor,3,3,3,1.0,1.0,0.0,1.0,0.0,0.0
prm-4e116a81462e9a1c,-1,harmful,rating-1_anchor,3,3,3,1.0,1.0,0.0,1.0,0.0,0.0
prm-310884399c5179a6,-1,harmful,rating-1_anchor,3,3,3,1.0,1.0,0.0,1.0,0.0,0.0
prm-94f01424485d8634,-1,harmful,rating-1_anchor,3,3,3,1.0,1.0,0.0,1.0,0.0,0.0
prm-3f6d462098747631,-1,harmful,rating-1_anchor,3,3,3,0.0,0.0,0.0,0.0,0.0,0.0
prm-6bdba3a9023070a1,-1,harmful,rating-1_anchor,3,3,3,1.0,1.0,0.0,1.0,0.0,0.0
prm-1d5a5cb08ca68e3d,-1,harmful,rating-1_anchor,3,3,3,1.0,1.0,0.0,1.0,0.0,0.0
prm-60b56f07df1c7db4,-1,harmful,rating-1_anchor,3,3,3,1.0,1.0,0.0,0.6666666666666666,-0.33333333333333337,0.33333333333333337
prm-836cfecb0a834014,-1,harmful,rating-1_anchor,3,3,3,1.0,1.0,0.0,1.0,0.0,0.0
prm-d87fe43bca23d224,-1,harmful,rating-1_anchor,3,3,3,1.0,1.0,0.0,1.0,0.0,0.0
prm-33b6dd3dabd31070,-1,harmful,rating-1_anchor,3,3,3,0.6666666666666666,1.0,0.33333333333333337,0.6666666666666666,0.0,0.33333333333333337
prm-7a422bc7fddfdf54,-1,harmful,rating-1_anchor,3,3,3,0.6666666666666666,0.3333333333333333,-0.3333333333333333,0.6666666666666666,0.0,-0.3333333333333333
prm-52a853240fdce958,-1,harmful,rating-1_anchor,3,3,3,0.0,0.0,0.0,1.0,1.0,-1.0
prm-a15fb929dff59e97,-1,harmful,rating-1_anchor,3,3,3,1.0,1.0,0.0,1.0,0.0,0.0
prm-4657ae2feebcdcab,-1,harmful,rating-1_anchor,3,3,3,0.6666666666666666,0.6666666666666666,0.0,0.6666666666666666,0.0,0.0
prm-4ed42d1c12397218,-1,harmful,rating-1_anchor,3,3,3,0.3333333333333333,0.3333333333333333,0.0,0.6666666666666666,0.3333333333333333,-0.3333333333333333
prm-23e4bf45fefddfca,-1,harmful,rating-1_anchor,3,3,3,0.6666666666666666,1.0,0.33333333333333337,1.0,0.33333333333333337,0.0
prm-e5a3f23bd55fe87a,-1,harmful,rating-1_anchor,3,3,3,1.0,1.0,0.0,1.0,0.0,0.0
prm-d10dadbf854a3250,-1,harmful,rating-1_anchor,3,3,3,1.0,1.0,0.0,1.0,0.0,0.0
prm-158ef0683bb8bf70,-1,harmful,rating-1_anchor,3,3,3,1.0,1.0,0.0,1.0,0.0,0.0
prm-decee9499f5fb0d7,-1,harmful,rating-1_anchor,3,3,3,0.0,1.0,1.0,1.0,1.0,0.0
prm-a7ee94dec2e0a9cc,-1,harmful,rating-1_anchor,3,3,3,1.0,1.0,0.0,1.0,0.0,0.0
prm-afff103ac71bacae,-1,harmful,rating-1_anchor,3,3,3,0.6666666666666666,1.0,0.33333333333333337,1.0,0.33333333333333337,0.0
prm-1a376cfa6cfa9af8,-1,harmful,rating-1_anchor,3,3,3,1.0,1.0,0.0,1.0,0.0,0.0
prm-2c6c822e00040ba8,-1,harmful,rating-1_anchor,3,3,3,1.0,1.0,0.0,1.0,0.0,0.0
prm-61fb797f33ef26d1,-1,harmful,rating-1_anchor,3,3,3,0.6666666666666666,0.6666666666666666,0.0,0.6666666666666666,0.0,0.0
prm-e319831ecda4ad73,-1,harmful,rating-1_anchor,3,3,3,1.0,1.0,0.0,1.0,0.0,0.0
prm-fa87724dc0063e72,-1,harmful,rating-1_anchor,3,3,3,1.0,1.0,0.0,1.0,0.0,0.0
prm-b8e3cc348f791b5a,-1,harmful,rating-1_anchor,3,3,3,0.6666666666666666,1.0,0.33333333333333337,1.0,0.33333333333333337,0.0
prm-f65a99197bf57f66,-1,harmful,rating-1_anchor,3,3,3,0.0,0.0,0.0,0.6666666666666666,0.6666666666666666,-0.6666666666666666
prm-2fbe6edf19120d31,-1,harmful,rating-1_anchor,3,3,3,1.0,1.0,0.0,1.0,0.0,0.0
prm-c724e22efcbb6540,-1,harmful,rating-1_anchor,3,3,3,0.3333333333333333,0.6666666666666666,0.3333333333333333,0.0,-0.3333333333333333,0.6666666666666666
prm-2cb8f0ea41668c12,-1,harmful,rating-1_anchor,3,3,3,0.0,0.0,0.0,1.0,1.0,-1.0
prm-a8f0f0d569ae9708,-1,harmful,rating-1_anchor,3,3,3,1.0,1.0,0.0,0.6666666666666666,-0.33333333333333337,0.33333333333333337
prm-a89889ad37cbc7e2,-1,harmful,rating-1_anchor,3,3,3,1.0,1.0,0.0,1.0,0.0,0.0
prm-39445cabc3c247f3,-1,harmful,rating-1_anchor,3,3,3,0.0,0.6666666666666666,0.6666666666666666,0.6666666666666666,0.6666666666666666,0.0
prm-f2aca719a99dc3e9,-1,harmful,rating-1_anchor,3,3,3,1.0,1.0,0.0,1.0,0.0,0.0
prm-a304fbad5368565d,-1,harmful,rating-1_anchor,3,3,3,1.0,1.0,0.0,1.0,0.0,0.0
prm-f1c09b6fd89155cf,-1,harmful,rating-1_anchor,3,3,3,1.0,1.0,0.0,1.0,0.0,0.0
prm-17ba4f9e4d89154f,-1,harmful,rating-1_anchor,3,3,3,1.0,1.0,0.0,1.0,0.0,0.0
prm-2f5e5f1e6dacb0f7,-1,harmful,rating-1_anchor,3,3,3,1.0,1.0,0.0,1.0,0.0,0.0
prm-3d9ad8daca3b8faa,-1,harmful,rating-1_anchor,3,3,3,1.0,1.0,0.0,1.0,0.0,0.0
prm-9db27c5e8855d8c2,-1,harmful,rating-1_anchor,3,3,3,0.0,0.6666666666666666,0.6666666666666666,1.0,1.0,-0.33333333333333337
prm-3e4ac009eae25363,-1,harmful,rating-1_anchor,3,3,3,1.0,1.0,0.0,1.0,0.0,0.0
prm-b8457436293d4e60,-1,harmful,rating-1_anchor,3,3,3,1.0,1.0,0.0,1.0,0.0,0.0
prm-1d89b199249c7358,-1,harmful,rating-1_anchor,3,3,3,0.6666666666666666,0.0,-0.6666666666666666,0.6666666666666666,0.0,-0.6666666666666666
prm-27e89528dea4c565,0,redundant,rating0_stable,3,3,3,1.0,1.0,0.0,1.0,0.0,0.0
prm-656a46c9640db820,0,redundant,rating0_stable,3,3,3,1.0,1.0,0.0,1.0,0.0,0.0
prm-a3a05daf8f16a52f,0,essential,rating0_stable,3,3,3,1.0,1.0,0.0,1.0,0.0,0.0
prm-9f3753744da09c38,-1,harmful,rating-1_anchor,3,3,3,0.3333333333333333,0.3333333333333333,0.0,0.3333333333333333,0.0,0.0
prm-0914b22e28651211,0,redundant,rating0_stable,3,3,3,1.0,1.0,0.0,1.0,0.0,0.0
prm-7c4b728ac8b7ff8c,0,redundant,rating0_stable,3,3,3,1.0,1.0,0.0,1.0,0.0,0.0
prm-015f040f29e2b298,0,redundant,rating0_stable,3,3,3,0.6666666666666666,1.0,0.33333333333333337,0.6666666666666666,0.0,0.33333333333333337
prm-bf79591055298bcd,-1,harmful,rating-1_anchor,3,3,3,0.6666666666666666,1.0,0.33333333333333337,1.0,0.33333333333333337,0.0
prm-9b09489564767b9d,0,essential,rating0_stable,3,3,3,1.0,1.0,0.0,1.0,0.0,0.0
prm-bda20d3dc84e4528,0,redundant,rating0_stable,3,3,3,1.0,1.0,0.0,1.0,0.0,0.0
prm-b659045eab2bbc92,0,redundant,rating0_stable,3,3,3,1.0,1.0,0.0,1.0,0.0,0.0
prm-932de7bca0e7c93d,0,essential,rating0_stable,3,3,3,0.6666666666666666,0.6666666666666666,0.0,1.0,0.33333333333333337,-0.33333333333333337
prm-49db7302a176b729,0,redundant,rating0_stable,3,3,3,1.0,1.0,0.0,1.0,0.0,0.0
prm-677329b0cf4a5ef0,-1,harmful,rating-1_anchor,3,3,3,1.0,1.0,0.0,1.0,0.0,0.0
prm-a774fd18d4116fb7,0,redundant,rating0_stable,3,3,3,1.0,1.0,0.0,1.0,0.0,0.0
prm-4376ee5dd1ec051f,0,redundant,rating0_stable,3,3,3,1.0,1.0,0.0,1.0,0.0,0.0
prm-ce7da7c55243f250,-1,harmful,rating-1_anchor,3,3,3,1.0,1.0,0.0,0.6666666666666666,-0.33333333333333337,0.33333333333333337
prm-a1de62b9ef1cf246,0,essential,rating0_stable,3,3,3,1.0,1.0,0.0,1.0,0.0,0.0
prm-24d79d07da1abeb8,0,essential,rating0_stable,3,3,3,1.0,1.0,0.0,0.6666666666666666,-0.33333333333333337,0.33333333333333337
prm-317d37656fcc5ddd,0,essential,rating0_stable,3,3,3,0.6666666666666666,1.0,0.33333333333333337,0.6666666666666666,0.0,0.33333333333333337
prm-edfe3301d75e7278,-1,harmful,rating-1_anchor,3,3,3,0.3333333333333333,0.6666666666666666,0.3333333333333333,0.3333333333333333,0.0,0.3333333333333333
prm-6a11cd36a6d48aac,0,essential,rating0_stable,3,3,3,1.0,1.0,0.0,1.0,0.0,0.0
prm-9ef4a4362f8a777c,0,essential,rating0_stable,3,3,3,1.0,1.0,0.0,1.0,0.0,0.0
prm-e4c8f952bd2bcb69,0,essential,rating0_stable,3,3,3,1.0,1.0,0.0,1.0,0.0,0.0
prm-c796e9f10b13c8d1,0,essential,rating0_stable,3,3,3,1.0,1.0,0.0,1.0,0.0,0.0
prm-6340032015881710,0,redundant,rating0_stable,3,3,3,1.0,1.0,0.0,1.0,0.0,0.0
prm-762ceff54735d7f1,0,redundant,rating0_stable,3,3,3,1.0,1.0,0.0,1.0,0.0,0.0
prm-059a20c710a38a1d,0,essential,rating0_stable,3,3,3,1.0,1.0,0.0,1.0,0.0,0.0
prm-3b8fc6d3080aade1,0,redundant,rating0_stable,3,3,3,1.0,1.0,0.0,1.0,0.0,0.0
prm-8b05d5d648e57f29,-1,harmful,rating-1_anchor,3,3,3,1.0,0.6666666666666666,-0.33333333333333337,1.0,0.0,-0.33333333333333337
prm-ab1c7130781f0c6b,0,harmful,rating0_stable,3,3,3,0.6666666666666666,1.0,0.33333333333333337,1.0,0.33333333333333337,0.0
prm-05db80661c2eea87,0,harmful,rating0_stable,3,3,3,1.0,1.0,0.0,1.0,0.0,0.0
prm-6f55f9ad3924eda5,0,redundant,rating0_stable,3,3,3,1.0,1.0,0.0,1.0,0.0,0.0
prm-4dece02217f93500,0,redundant,rating0_stable,3,3,3,1.0,1.0,0.0,1.0,0.0,0.0
prm-f8d5e2b8c3ae4947,0,redundant,rating0_stable,3,3,3,1.0,1.0,0.0,1.0,0.0,0.0
prm-7616aa089b45809c,0,essential,rating0_stable,3,3,3,1.0,1.0,0.0,1.0,0.0,0.0
prm-eb13f69f057980c9,0,redundant,rating0_stable,3,3,3,1.0,1.0,0.0,1.0,0.0,0.0
prm-2ec389700747f531,0,redundant,rating0_stable,3,3,3,1.0,1.0,0.0,1.0,0.0,0.0
prm-9d4dfc92d2809bdb,0,essential,rating0_stable,3,3,3,1.0,1.0,0.0,1.0,0.0,0.0
prm-b5f8d24593f1e708,0,redundant,rating0_stable,3,3,3,1.0,1.0,0.0,1.0,0.0,0.0
prm-4f8665f0a19739c3,0,harmful,rating0_stable,3,3,3,1.0,1.0,0.0,1.0,0.0,0.0
prm-b4b221e907450223,0,redundant,rating0_stable,3,3,3,1.0,1.0,0.0,1.0,0.0,0.0
prm-36e206fe8afae4f8,0,redundant,rating0_stable,3,3,3,1.0,1.0,0.0,1.0,0.0,0.0
prm-2e47da03eaad232d,0,redundant,rating0_other,3,3,3,0.0,0.3333333333333333,0.3333333333333333,0.3333333333333333,0.3333333333333333,0.0
prm-9b1fccc8cdbe2d3c,0,essential,rating0_other,3,3,3,1.0,1.0,0.0,0.6666666666666666,-0.33333333333333337,0.33333333333333337
prm-b4172ae8c86b6f76,0,redundant,rating0_other,3,3,3,1.0,1.0,0.0,1.0,0.0,0.0
prm-977f248f4b7b1084,0,redundant,rating0_stable,3,3,3,1.0,1.0,0.0,1.0,0.0,0.0
prm-a625e035a295d2bd,0,essential,rating0_other,3,3,3,1.0,1.0,0.0,1.0,0.0,0.0
prm-bc4cdb54673acb6b,0,redundant,rating0_other,3,3,3,1.0,1.0,0.0,1.0,0.0,0.0
prm-27543090e207be07,0,essential,rating0_other,3,3,3,0.6666666666666666,0.3333333333333333,-0.3333333333333333,0.6666666666666666,0.0,-0.3333333333333333
prm-d14414ada709f204,0,redundant,rating0_other,3,3,3,1.0,1.0,0.0,1.0,0.0,0.0
prm-e5b42c42ddfdfe89,0,redundant,rating0_other,3,3,3,1.0,1.0,0.0,1.0,0.0,0.0
prm-dc919cb80f6423eb,0,redundant,rating0_other,3,3,3,0.6666666666666666,1.0,0.33333333333333337,0.6666666666666666,0.0,0.33333333333333337
prm-0ff002313a594db0,0,redundant,rating0_other,3,3,3,1.0,1.0,0.0,1.0,0.0,0.0
prm-64c48353bed266ed,0,redundant,rating0_other,3,3,3,0.6666666666666666,1.0,0.33333333333333337,1.0,0.33333333333333337,0.0
prm-090c92a536a6f7cf,0,redundant,rating0_other,3,3,3,1.0,1.0,0.0,0.6666666666666666,-0.33333333333333337,0.33333333333333337
prm-ca096eb77c3d707b,0,redundant,rating0_other,3,3,3,1.0,1.0,0.0,1.0,0.0,0.0
prm-1fdd16bd5ee2ebb1,0,harmful,rating0_other,3,3,3,0.6666666666666666,1.0,0.33333333333333337,0.6666666666666666,0.0,0.33333333333333337
prm-6b1c6a29b6d1c9f7,0,harmful,rating0_other,3,3,3,0.6666666666666666,1.0,0.33333333333333337,0.0,-0.6666666666666666,1.0
prm-6c8f717ff62b444b,0,essential,rating0_other,3,3,3,0.6666666666666666,0.6666666666666666,0.0,0.6666666666666666,0.0,0.0
prm-bd5151d40527ffa0,0,redundant,rating0_other,3,3,3,1.0,1.0,0.0,1.0,0.0,0.0
prm-d2f74008879c56dd,0,essential,rating0_other,3,3,3,0.3333333333333333,0.6666666666666666,0.3333333333333333,0.3333333333333333,0.0,0.3333333333333333
prm-0cbc0287aab226af,0,harmful,rating0_other,3,3,3,1.0,1.0,0.0,1.0,0.0,0.0
prm-0000660f74dea7ea,0,harmful,rating0_other,3,3,3,1.0,1.0,0.0,0.6666666666666666,-0.33333333333333337,0.33333333333333337
prm-b7f05eda927bf837,0,redundant,rating0_other,3,3,3,1.0,1.0,0.0,1.0,0.0,0.0
prm-6810d2c059913e28,0,essential,rating0_other,3,3,3,1.0,0.6666666666666666,-0.33333333333333337,1.0,0.0,-0.33333333333333337
prm-b1b1d1fed6ca6e88,0,redundant,rating0_other,3,3,3,0.0,0.0,0.0,0.0,0.0,0.0
prm-925200af07947f5c,0,essential,rating0_other,3,3,3,1.0,1.0,0.0,1.0,0.0,0.0
prm-47a902d41e673ff6,0,redundant,rating0_other,3,3,3,1.0,1.0,0.0,1.0,0.0,0.0
prm-d7cd2fc406477b13,0,redundant,rating0_other,3,3,3,1.0,0.6666666666666666,-0.33333333333333337,1.0,0.0,-0.33333333333333337
prm-6fb0c8f8ee2ebabd,0,redundant,rating0_other,3,3,3,1.0,1.0,0.0,1.0,0.0,0.0
prm-ac91d34d7871bcbc,0,essential,rating0_stable,3,3,3,1.0,1.0,0.0,1.0,0.0,0.0
prm-ad9e7fa994103189,0,redundant,rating0_other,3,3,3,1.0,0.6666666666666666,-0.33333333333333337,1.0,0.0,-0.33333333333333337
prm-859d5c93d5ea0f57,0,harmful,rating0_other,3,3,3,1.0,1.0,0.0,1.0,0.0,0.0
prm-4c7b0daf67f174f2,0,harmful,rating0_other,3,3,3,1.0,0.6666666666666666,-0.33333333333333337,1.0,0.0,-0.33333333333333337
prm-0e94635dc190f6f1,0,harmful,rating0_other,3,3,3,1.0,0.6666666666666666,-0.33333333333333337,1.0,0.0,-0.33333333333333337
prm-a9976436ac395dce,0,essential,rating0_other,3,3,3,1.0,1.0,0.0,1.0,0.0,0.0
prm-ea9c90dcf0197292,0,redundant,rating0_other,3,3,3,1.0,0.6666666666666666,-0.33333333333333337,1.0,0.0,-0.33333333333333337
prm-e0c68e2f69c92ce1,0,essential,rating0_other,3,3,3,1.0,1.0,0.0,0.6666666666666666,-0.33333333333333337,0.33333333333333337
prm-b16889ee222c85e0,0,essential,rating0_other,3,3,3,0.6666666666666666,0.6666666666666666,0.0,0.3333333333333333,-0.3333333333333333,0.3333333333333333
prm-2d2be0a20e1f55eb,0,essential,rating0_other,3,3,3,1.0,0.6666666666666666,-0.33333333333333337,1.0,0.0,-0.33333333333333337
prm-f43ad1cb6c3aa6ba,0,essential,rating0_other,3,3,3,0.6666666666666666,0.6666666666666666,0.0,0.3333333333333333,-0.3333333333333333,0.3333333333333333
prm-11c64fcd9adf9a8d,0,harmful,rating0_other,3,3,3,0.3333333333333333,1.0,0.6666666666666667,0.6666666666666666,0.3333333333333333,0.33333333333333337
prm-1984cb49b132bdb6,0,redundant,rating0_other,3,3,3,1.0,1.0,0.0,1.0,0.0,0.0
prm-2d19813fccf4dac9,0,harmful,rating0_other,3,3,3,0.6666666666666666,0.6666666666666666,0.0,1.0,0.33333333333333337,-0.33333333333333337
prm-64bd046dccaa7a10,0,redundant,rating0_other,3,3,3,0.3333333333333333,0.0,-0.3333333333333333,1.0,0.6666666666666667,-1.0
prm-378914f040c48223,0,redundant,rating0_other,3,3,3,1.0,1.0,0.0,1.0,0.0,0.0
prm-1989a099acb06f53,0,redundant,rating0_other,3,3,3,1.0,1.0,0.0,1.0,0.0,0.0
prm-feab03f43e4af912,0,redundant,rating0_other,3,3,3,1.0,1.0,0.0,1.0,0.0,0.0
prm-f5ad90a250e816d4,0,redundant,rating0_other,3,3,3,0.6666666666666666,0.3333333333333333,-0.3333333333333333,1.0,0.33333333333333337,-0.6666666666666667
prm-f77af5e177e450d9,0,essential,rating0_other,3,3,3,0.6666666666666666,0.6666666666666666,0.0,1.0,0.33333333333333337,-0.33333333333333337
prm-4a41ea6ca0473740,0,redundant,rating0_other,3,3,3,0.3333333333333333,0.6666666666666666,0.3333333333333333,1.0,0.6666666666666667,-0.33333333333333337
prm-0219e874907d9144,0,redundant,rating0_other,3,3,3,1.0,1.0,0.0,1.0,0.0,0.0
prm-315d6ba30914293a,0,redundant,rating0_other,3,3,3,1.0,1.0,0.0,1.0,0.0,0.0
prm-8d743a4306b744df,0,essential,rating0_other,3,3,3,0.6666666666666666,1.0,0.33333333333333337,0.6666666666666666,0.0,0.33333333333333337
prm-f20b3a116ae0c86a,0,essential,rating0_other,3,3,3,0.6666666666666666,0.3333333333333333,-0.3333333333333333,0.6666666666666666,0.0,-0.3333333333333333
prm-8be5e8ce53ce132a,0,redundant,rating0_other,3,3,3,1.0,0.6666666666666666,-0.33333333333333337,1.0,0.0,-0.33333333333333337
prm-65c1f64f7a99498a,1,essential,rating1_stable,3,3,3,0.3333333333333333,1.0,0.6666666666666667,0.6666666666666666,0.3333333333333333,0.33333333333333337
prm-c1d4d174440821f2,0,essential,rating0_other,3,3,3,0.6666666666666666,1.0,0.33333333333333337,1.0,0.33333333333333337,0.0
prm-60717bf0ef4716f2,0,redundant,rating0_other,3,3,3,1.0,1.0,0.0,0.6666666666666666,-0.33333333333333337,0.33333333333333337
prm-200cc16bd7b20d90,1,redundant,rating1_stable,3,3,3,1.0,0.3333333333333333,-0.6666666666666667,0.3333333333333333,-0.6666666666666667,0.0
prm-6c647c9d900edecf,0,harmful,rating0_other,3,3,3,1.0,1.0,0.0,1.0,0.0,0.0
prm-734c17ddd0cff62a,1,redundant,rating1_stable,3,3,3,1.0,0.6666666666666666,-0.33333333333333337,1.0,0.0,-0.33333333333333337
prm-52cd0d7cc6b4cdfc,1,redundant,rating1_stable,3,3,3,1.0,1.0,0.0,1.0,0.0,0.0
prm-6eb49d110f10f5c9,0,essential,rating0_other,3,3,3,1.0,1.0,0.0,1.0,0.0,0.0
prm-8d9aac49538338f6,1,redundant,rating1_stable,3,3,3,1.0,1.0,0.0,1.0,0.0,0.0
prm-738ac1e91010e501,1,essential,rating1_stable,3,3,3,1.0,0.6666666666666666,-0.33333333333333337,1.0,0.0,-0.33333333333333337
prm-5bd12286ca047ec0,1,essential,rating1_stable,3,3,3,1.0,1.0,0.0,1.0,0.0,0.0
prm-ddb44dca9b82bb3d,1,redundant,rating1_stable,3,3,3,0.0,0.6666666666666666,0.6666666666666666,0.6666666666666666,0.6666666666666666,0.0
prm-30611e95e1fdab2f,1,redundant,rating1_stable,3,3,3,1.0,1.0,0.0,1.0,0.0,0.0
prm-d4926e70a53c8c17,1,redundant,rating1_stable,3,3,3,1.0,1.0,0.0,1.0,0.0,0.0
prm-5464f1648525f7ea,1,harmful,rating1_stable,3,3,3,1.0,1.0,0.0,1.0,0.0,0.0
prm-def1910362f8da38,1,essential,rating1_stable,3,3,3,1.0,1.0,0.0,1.0,0.0,0.0
prm-d8dd25afa49d220a,1,redundant,rating1_stable,3,3,3,1.0,0.6666666666666666,-0.33333333333333337,0.6666666666666666,-0.33333333333333337,0.0
prm-d828d740ba9cd096,1,essential,rating1_stable,3,3,3,1.0,1.0,0.0,1.0,0.0,0.0
prm-5699f280aa96d018,1,essential,rating1_stable,3,3,3,1.0,1.0,0.0,1.0,0.0,0.0
prm-db5fb9c45b89211e,1,essential,rating1_stable,3,3,3,1.0,1.0,0.0,1.0,0.0,0.0
prm-685fe7b1359fce4f,1,essential,rating1_stable,3,3,3,1.0,1.0,0.0,1.0,0.0,0.0
prm-cd2eef413f1492b7,1,essential,rating1_stable,3,3,3,1.0,1.0,0.0,1.0,0.0,0.0
prm-78bd280e7dee8d22,1,essential,rating1_stable,3,3,3,1.0,1.0,0.0,1.0,0.0,0.0
prm-010e43e3a679e690,1,essential,rating1_stable,3,3,3,0.6666666666666666,1.0,0.33333333333333337,1.0,0.33333333333333337,0.0
prm-d43403303ce7ca47,0,essential,rating0_other,3,3,3,1.0,0.3333333333333333,-0.6666666666666667,1.0,0.0,-0.6666666666666667
prm-9156dcd21a3e42c0,1,essential,rating1_stable,3,3,3,1.0,1.0,0.0,1.0,0.0,0.0
prm-08ffb439fa587578,1,essential,rating1_stable,3,3,3,0.6666666666666666,1.0,0.33333333333333337,0.6666666666666666,0.0,0.33333333333333337
prm-87593f72c0253cec,1,essential,rating1_stable,3,3,3,1.0,1.0,0.0,1.0,0.0,0.0
prm-00177cb1b6246e3e,1,essential,rating1_stable,3,3,3,1.0,1.0,0.0,1.0,0.0,0.0
prm-7b9dea52f656c0bc,1,essential,rating1_stable,3,3,3,1.0,1.0,0.0,1.0,0.0,0.0
prm-8bd9e6649bc32eb5,1,essential,rating1_stable,3,3,3,1.0,1.0,0.0,1.0,0.0,0.0
prm-e8138a79d9f11b5f,1,essential,rating1_stable,3,3,3,1.0,1.0,0.0,1.0,0.0,0.0
prm-7df4ff373ff4bd62,1,redundant,rating1_stable,3,3,3,1.0,1.0,0.0,1.0,0.0,0.0
prm-dbc1373a79928aa0,1,essential,rating1_stable,3,3,3,1.0,1.0,0.0,1.0,0.0,0.0
prm-9f8de872e85deb1c,1,redundant,rating1_stable,3,3,3,1.0,1.0,0.0,0.6666666666666666,-0.33333333333333337,0.33333333333333337
prm-b02cba206762c771,1,essential,rating1_stable,3,3,3,0.6666666666666666,1.0,0.33333333333333337,1.0,0.33333333333333337,0.0
prm-1590d85cae7720a6,1,redundant,rating1_stable,3,3,3,1.0,1.0,0.0,1.0,0.0,0.0
prm-16428e60085cafa9,1,essential,rating1_stable,3,3,3,1.0,1.0,0.0,1.0,0.0,0.0
prm-7449b3260474567e,1,essential,rating1_stable,3,3,3,1.0,1.0,0.0,1.0,0.0,0.0
prm-26cc0e5d412214d1,1,essential,rating1_stable,3,3,3,1.0,1.0,0.0,1.0,0.0,0.0
prm-91df52b1208ea81d,1,essential,rating1_stable,3,3,3,1.0,1.0,0.0,0.6666666666666666,-0.33333333333333337,0.33333333333333337
prm-bedcbd8166cb0b0f,1,essential,rating1_stable,3,3,3,1.0,1.0,0.0,1.0,0.0,0.0
prm-b59d428fdeb2db81,1,essential,rating1_stable,3,3,3,1.0,1.0,0.0,1.0,0.0,0.0
prm-64828b0b15ca157c,1,essential,rating1_stable,3,3,3,1.0,1.0,0.0,1.0,0.0,0.0
prm-cfef1e0669eb8eee,1,essential,rating1_other,3,3,3,1.0,1.0,0.0,1.0,0.0,0.0
prm-4dbc982a4c31d7d8,1,essential,rating1_stable,3,3,3,1.0,1.0,0.0,1.0,0.0,0.0
prm-cb4a5cbf9bb5b458,1,essential,rating1_other,3,3,3,1.0,1.0,0.0,0.3333333333333333,-0.6666666666666667,0.6666666666666667
prm-15473e963522ff7f,1,essential,rating1_other,3,3,3,0.0,0.6666666666666666,0.6666666666666666,0.3333333333333333,0.3333333333333333,0.3333333333333333
prm-9df86fcdc40baf88,1,redundant,rating1_other,3,3,3,1.0,1.0,0.0,0.6666666666666666,-0.33333333333333337,0.33333333333333337
prm-6a5663499dcdfb6e,1,redundant,rating1_other,3,3,3,1.0,1.0,0.0,1.0,0.0,0.0
prm-32ce22f0573267db,1,essential,rating1_other,3,3,3,0.6666666666666666,1.0,0.33333333333333337,1.0,0.33333333333333337,0.0
prm-fea1ec494dc61cd4,1,essential,rating1_other,3,3,3,0.6666666666666666,0.6666666666666666,0.0,1.0,0.33333333333333337,-0.33333333333333337
prm-cc448d173bf0a3b0,1,redundant,rating1_other,3,3,3,0.6666666666666666,0.6666666666666666,0.0,1.0,0.33333333333333337,-0.33333333333333337
prm-569d7cf9abe65f34,1,essential,rating1_other,3,3,3,1.0,1.0,0.0,1.0,0.0,0.0
prm-0b2c173096bce7b5,1,redundant,rating1_other,3,3,3,0.6666666666666666,0.3333333333333333,-0.3333333333333333,0.3333333333333333,-0.3333333333333333,0.0
prm-02ed1bb8af1a120d,1,harmful,rating1_other,3,3,3,0.3333333333333333,0.3333333333333333,0.0,0.6666666666666666,0.3333333333333333,-0.3333333333333333
prm-0835351a60d3a191,1,essential,rating1_other,3,3,3,1.0,1.0,0.0,1.0,0.0,0.0
prm-7af50adf0a42982f,1,redundant,rating1_other,3,3,3,0.6666666666666666,1.0,0.33333333333333337,0.3333333333333333,-0.3333333333333333,0.6666666666666667
prm-7805f2fb660af82c,1,essential,rating1_other,3,3,3,1.0,1.0,0.0,1.0,0.0,0.0
prm-f928a55daeb136c0,1,harmful,rating1_other,3,3,3,0.6666666666666666,1.0,0.33333333333333337,0.6666666666666666,0.0,0.33333333333333337
prm-e853a7a5555f3056,1,redundant,rating1_other,3,3,3,1.0,1.0,0.0,1.0,0.0,0.0
prm-321715581e0e716b,0,harmful,rating0_other,3,3,3,1.0,1.0,0.0,1.0,0.0,0.0
prm-f902409b4b69ac6a,1,redundant,rating1_other,3,3,3,0.3333333333333333,1.0,0.6666666666666667,1.0,0.6666666666666667,0.0
prm-b51dfeb3b8305067,1,essential,rating1_other,3,3,3,1.0,1.0,0.0,0.3333333333333333,-0.6666666666666667,0.6666666666666667
prm-7cf98f01d85acf4d,1,essential,rating1_other,3,3,3,0.6666666666666666,1.0,0.33333333333333337,1.0,0.33333333333333337,0.0
prm-42aa85293ce04d6c,1,redundant,rating1_other,3,3,3,1.0,1.0,0.0,1.0,0.0,0.0
prm-9def3665fa2dd260,1,harmful,rating1_other,3,3,3,1.0,1.0,0.0,1.0,0.0,0.0
prm-8bf0d8a37d2eb018,1,harmful,rating1_other,3,3,3,1.0,1.0,0.0,1.0,0.0,0.0
prm-d018213d57c7afde,1,essential,rating1_other,3,3,3,1.0,1.0,0.0,1.0,0.0,0.0
prm-01441d1b7d95366c,1,essential,rating1_other,3,3,3,1.0,1.0,0.0,1.0,0.0,0.0
prm-901a3aa77c6c4dc2,1,redundant,rating1_other,3,3,3,1.0,1.0,0.0,1.0,0.0,0.0
prm-45906351f0903519,1,harmful,rating1_other,3,3,3,1.0,0.6666666666666666,-0.33333333333333337,1.0,0.0,-0.33333333333333337
prm-2d92ce0491f2f56a,1,redundant,rating1_other,3,3,3,1.0,1.0,0.0,1.0,0.0,0.0
prm-ab761a525cce7441,1,essential,rating1_other,3,3,3,1.0,1.0,0.0,1.0,0.0,0.0
prm-ca8fbd8bc5e76268,1,redundant,rating1_other,3,3,3,1.0,0.6666666666666666,-0.33333333333333337,0.3333333333333333,-0.6666666666666667,0.3333333333333333
prm-b10138ab1454a3dc,1,redundant,rating1_other,3,3,3,0.6666666666666666,0.6666666666666666,0.0,1.0,0.33333333333333337,-0.33333333333333337
prm-c5d0b2ae9f6de94a,1,redundant,rating1_other,3,3,3,0.6666666666666666,0.6666666666666666,0.0,1.0,0.33333333333333337,-0.33333333333333337
prm-2e5c19fc0f94ad0f,1,redundant,rating1_other,3,3,3,1.0,1.0,0.0,1.0,0.0,0.0
prm-dfed03ca959f8315,1,essential,rating1_other,3,3,3,1.0,1.0,0.0,0.0,-1.0,1.0
prm-66bc41cfa62d57e2,1,essential,rating1_other,3,3,3,1.0,0.6666666666666666,-0.33333333333333337,1.0,0.0,-0.33333333333333337
prm-fde519a4d71d112d,1,redundant,rating1_other,3,3,3,1.0,0.6666666666666666,-0.33333333333333337,0.6666666666666666,-0.33333333333333337,0.0
prm-cbc588184fc6053c,1,essential,rating1_other,3,3,3,1.0,1.0,0.0,1.0,0.0,0.0
prm-bd9c89c30ff0439e,1,essential,rating1_other,3,3,3,0.6666666666666666,0.6666666666666666,0.0,0.3333333333333333,-0.3333333333333333,0.3333333333333333
prm-aca8e5373e4b0749,1,essential,rating1_other,3,3,3,0.3333333333333333,0.6666666666666666,0.3333333333333333,1.0,0.6666666666666667,-0.33333333333333337
prm-d987eb66b5f962dd,1,harmful,rating1_other,3,3,3,1.0,1.0,0.0,1.0,0.0,0.0
prm-666a954e3bca4a2f,1,essential,rating1_other,3,3,3,0.3333333333333333,0.3333333333333333,0.0,0.3333333333333333,0.0,0.0
prm-12bc5c8b425e5765,1,essential,rating1_other,3,3,3,0.0,0.3333333333333333,0.3333333333333333,0.3333333333333333,0.3333333333333333,0.0
prm-b51944c22596b644,1,essential,rating1_other,3,3,3,1.0,1.0,0.0,0.6666666666666666,-0.33333333333333337,0.33333333333333337
prm-c7fdd3c01ea7968c,1,essential,rating1_other,3,3,3,0.6666666666666666,0.3333333333333333,-0.3333333333333333,0.3333333333333333,-0.3333333333333333,0.0
prm-1e1ebbda6644be84,1,essential,rating1_other,3,3,0,1.0,1.0,0.0,,,
prm-47679397406393e0,1,redundant,rating1_other,3,3,3,1.0,0.6666666666666666,-0.33333333333333337,1.0,0.0,-0.33333333333333337
prm-76b2b2177dea50be,1,essential,rating1_other,3,3,3,1.0,1.0,0.0,0.6666666666666666,-0.33333333333333337,0.33333333333333337
prm-2c5e0537236b9a03,1,essential,rating1_other,3,3,3,1.0,1.0,0.0,1.0,0.0,0.0
prm-12c0e402310b4521,1,redundant,rating1_other,3,3,0,1.0,1.0,0.0,,,
prm-7fa27f0af15756ce,1,essential,rating1_other,3,3,3,1.0,1.0,0.0,1.0,0.0,0.0
prm-242890b88c115e2c,1,redundant,rating1_other,3,3,3,0.6666666666666666,0.6666666666666666,0.0,0.6666666666666666,0.0,0.0
prm-1032a7112c293158,1,redundant,rating1_other,3,3,3,0.0,0.6666666666666666,0.6666666666666666,0.0,0.0,0.6666666666666666
prm-e31d87a5f18e7b0e,1,essential,rating1_other,3,3,3,0.6666666666666666,0.6666666666666666,0.0,0.0,-0.6666666666666666,0.6666666666666666
prm-de925ec448909016,1,essential,rating1_other,3,3,3,0.3333333333333333,0.3333333333333333,0.0,0.3333333333333333,0.0,0.0
prm-8eab1f56bd806ddc,1,essential,rating1_other,3,3,3,1.0,1.0,0.0,1.0,0.0,0.0
prm-61500888ffe32624,1,essential,rating1_other,3,3,3,1.0,1.0,0.0,1.0,0.0,0.0
prm-e4f8aa072f5528f6,1,essential,rating1_other,3,3,3,0.6666666666666666,1.0,0.33333333333333337,1.0,0.33333333333333337,0.0
prm-67027b02bd4348a7,1,essential,rating1_other,3,3,3,1.0,1.0,0.0,1.0,0.0,0.0
prm-b09e1aa4bb87ee7c,1,essential,rating1_other,3,3,3,1.0,1.0,0.0,1.0,0.0,0.0
prm-fb4120427f491cb1,1,essential,rating1_other,3,3,0,0.0,0.6666666666666666,0.6666666666666666,,,
prm-c1da18d5eb32eafe,1,harmful,rating1_other,3,3,3,0.3333333333333333,0.0,-0.3333333333333333,0.3333333333333333,0.0,-0.3333333333333333
prm-e57bd8bedd80b00d,-1,harmful,rating-1_anchor,3,3,3,1.0,1.0,0.0,1.0,0.0,0.0
prm-a8a8bda6701d4be2,0,harmful,rating0_stable,3,3,3,1.0,1.0,0.0,1.0,0.0,0.0
prm-da9a80d73183841e,0,redundant,rating0_other,3,3,3,1.0,1.0,0.0,1.0,0.0,0.0
prm-297fe2bd5193998f,0,redundant,rating0_other,3,3,3,0.6666666666666666,1.0,0.33333333333333337,0.3333333333333333,-0.3333333333333333,0.6666666666666667
prm-64052b65a1c192c7,-1,harmful,rating-1_anchor,3,3,3,0.6666666666666666,0.6666666666666666,0.0,0.0,-0.6666666666666666,0.6666666666666666
prm-8866ba0f5b250195,-1,harmful,rating-1_anchor,3,3,3,0.3333333333333333,0.3333333333333333,0.0,0.0,-0.3333333333333333,0.3333333333333333
prm-7f470224e279c9a5,-1,harmful,rating-1_anchor,3,3,3,0.3333333333333333,0.0,-0.3333333333333333,1.0,0.6666666666666667,-1.0
